"","Site","Plot","Date","Colony","Rep","Tint","Year","Month","Day","meantemp","mintemp","maxtemp","range"
"1","East","A",2021-06-16,3,"L",72.169,2021,"06","16",30.51628125,29.053,31.983,2.93
"2","East","A",2021-06-16,7,"R",101.285,2021,"06","16",30.51628125,29.053,31.983,2.93
"3","East","A",2021-06-16,9,"L",107.179,2021,"06","16",30.51628125,29.053,31.983,2.93
"4","East","A",2021-06-16,8,"L",91.262,2021,"06","16",30.51628125,29.053,31.983,2.93
"5","East","A",2021-06-16,5,"L",81.508,2021,"06","16",30.51628125,29.053,31.983,2.93
"6","East","A",2021-06-16,6,"R",109.241,2021,"06","16",30.51628125,29.053,31.983,2.93
"7","East","A",2021-06-16,4,"L",87.277,2021,"06","16",30.51628125,29.053,31.983,2.93
"8","East","A",2021-06-16,9,"R",113.456,2021,"06","16",30.51628125,29.053,31.983,2.93
"9","East","A",2021-06-16,1,"L",103.485,2021,"06","16",30.51628125,29.053,31.983,2.93
"10","East","A",2021-06-16,2,"L",86.485,2021,"06","16",30.51628125,29.053,31.983,2.93
"11","East","A",2021-06-16,6,"L",103.964,2021,"06","16",30.51628125,29.053,31.983,2.93
"12","East","A",2021-06-16,10,"R",85.466,2021,"06","16",30.51628125,29.053,31.983,2.93
"13","East","A",2021-06-16,8,"R",120.687,2021,"06","16",30.51628125,29.053,31.983,2.93
"14","East","A",2021-06-16,7,"L",102.518,2021,"06","16",30.51628125,29.053,31.983,2.93
"15","East","A",2021-06-16,10,"L",91.257,2021,"06","16",30.51628125,29.053,31.983,2.93
"16","East","A",2021-06-16,5,"R",84.227,2021,"06","16",30.51628125,29.053,31.983,2.93
"17","East","A",2021-06-16,4,"R",100.464,2021,"06","16",30.51628125,29.053,31.983,2.93
"18","East","A",2021-06-16,1,"R",119.557,2021,"06","16",30.51628125,29.053,31.983,2.93
"19","East","A",2021-06-16,3,"R",57.262,2021,"06","16",30.51628125,29.053,31.983,2.93
"20","East","A",2021-06-16,2,"R",80.425,2021,"06","16",30.51628125,29.053,31.983,2.93
"21","East","A",2021-07-06,4,"R",52.828,2021,"07","06",30.0354370629371,29.252,31.676,2.424
"22","East","A",2021-07-06,1,"R",102.656,2021,"07","06",30.0354370629371,29.252,31.676,2.424
"23","East","A",2021-07-06,10,"L",46.58,2021,"07","06",30.0354370629371,29.252,31.676,2.424
"24","East","A",2021-07-06,3,"R",17.054,2021,"07","06",30.0354370629371,29.252,31.676,2.424
"25","East","A",2021-07-06,7,"R",69.505,2021,"07","06",30.0354370629371,29.252,31.676,2.424
"26","East","A",2021-07-06,8,"L",84.16,2021,"07","06",30.0354370629371,29.252,31.676,2.424
"27","East","A",2021-07-06,7,"L",86.893,2021,"07","06",30.0354370629371,29.252,31.676,2.424
"28","East","A",2021-07-06,2,"R",71.893,2021,"07","06",30.0354370629371,29.252,31.676,2.424
"29","East","A",2021-07-06,1,"L",98.29,2021,"07","06",30.0354370629371,29.252,31.676,2.424
"30","East","A",2021-07-06,5,"L",57.12,2021,"07","06",30.0354370629371,29.252,31.676,2.424
"31","East","A",2021-07-06,3,"L",48.689,2021,"07","06",30.0354370629371,29.252,31.676,2.424
"32","East","A",2021-07-06,9,"R",99.81,2021,"07","06",30.0354370629371,29.252,31.676,2.424
"33","East","A",2021-07-06,2,"L",71.669,2021,"07","06",30.0354370629371,29.252,31.676,2.424
"34","East","A",2021-07-06,8,"R",92.125,2021,"07","06",30.0354370629371,29.252,31.676,2.424
"35","East","A",2021-07-06,9,"L",75.634,2021,"07","06",30.0354370629371,29.252,31.676,2.424
"36","East","A",2021-07-06,6,"R",99.503,2021,"07","06",30.0354370629371,29.252,31.676,2.424
"37","East","A",2021-07-06,4,"L",84.961,2021,"07","06",30.0354370629371,29.252,31.676,2.424
"38","East","A",2021-07-06,6,"L",37.526,2021,"07","06",30.0354370629371,29.252,31.676,2.424
"39","East","A",2021-07-06,10,"R",48.771,2021,"07","06",30.0354370629371,29.252,31.676,2.424
"40","East","A",2021-07-06,5,"R",79.118,2021,"07","06",30.0354370629371,29.252,31.676,2.424
"41","East","A",2021-07-20,9,"R",92.941,2021,"07","20",29.6678020833333,29.152,30.154,1.002
"42","East","A",2021-07-20,5,"R",86.781,2021,"07","20",29.6678020833333,29.152,30.154,1.002
"43","East","A",2021-07-20,8,"L",79.451,2021,"07","20",29.6678020833333,29.152,30.154,1.002
"44","East","A",2021-07-20,10,"R",51.531,2021,"07","20",29.6678020833333,29.152,30.154,1.002
"45","East","A",2021-07-20,6,"L",84.538,2021,"07","20",29.6678020833333,29.152,30.154,1.002
"46","East","A",2021-07-20,2,"L",83.366,2021,"07","20",29.6678020833333,29.152,30.154,1.002
"47","East","A",2021-07-20,4,"L",94.207,2021,"07","20",29.6678020833333,29.152,30.154,1.002
"48","East","A",2021-07-20,7,"L",93.768,2021,"07","20",29.6678020833333,29.152,30.154,1.002
"49","East","A",2021-07-20,7,"R",68.058,2021,"07","20",29.6678020833333,29.152,30.154,1.002
"50","East","A",2021-07-20,1,"L",106.715,2021,"07","20",29.6678020833333,29.152,30.154,1.002
"51","East","A",2021-07-20,9,"L",59.557,2021,"07","20",29.6678020833333,29.152,30.154,1.002
"52","East","A",2021-07-20,3,"L",98.302,2021,"07","20",29.6678020833333,29.152,30.154,1.002
"53","East","A",2021-07-20,1,"R",126.781,2021,"07","20",29.6678020833333,29.152,30.154,1.002
"54","East","A",2021-07-20,5,"L",91.864,2021,"07","20",29.6678020833333,29.152,30.154,1.002
"55","East","A",2021-07-20,10,"L",81.256,2021,"07","20",29.6678020833333,29.152,30.154,1.002
"56","East","A",2021-07-20,8,"R",97.543,2021,"07","20",29.6678020833333,29.152,30.154,1.002
"57","East","A",2021-07-20,2,"R",88.737,2021,"07","20",29.6678020833333,29.152,30.154,1.002
"58","East","A",2021-07-20,6,"R",73.97,2021,"07","20",29.6678020833333,29.152,30.154,1.002
"59","East","A",2021-07-20,4,"R",78.905,2021,"07","20",29.6678020833333,29.152,30.154,1.002
"60","East","A",2021-07-20,3,"R",71.334,2021,"07","20",29.6678020833333,29.152,30.154,1.002
"61","East","A",2021-08-06,2,"R",62.667,2021,"08","06",29.9059513888889,29.252,31.268,2.016
"62","East","A",2021-08-06,10,"L",63.529,2021,"08","06",29.9059513888889,29.252,31.268,2.016
"63","East","A",2021-08-06,3,"R",59.534,2021,"08","06",29.9059513888889,29.252,31.268,2.016
"64","East","A",2021-08-06,1,"R",108.508,2021,"08","06",29.9059513888889,29.252,31.268,2.016
"65","East","A",2021-08-06,7,"R",87.909,2021,"08","06",29.9059513888889,29.252,31.268,2.016
"66","East","A",2021-08-06,5,"L",91.52,2021,"08","06",29.9059513888889,29.252,31.268,2.016
"67","East","A",2021-08-06,8,"R",57.998,2021,"08","06",29.9059513888889,29.252,31.268,2.016
"68","East","A",2021-08-06,4,"R",78.01,2021,"08","06",29.9059513888889,29.252,31.268,2.016
"69","East","A",2021-08-06,2,"L",67.685,2021,"08","06",29.9059513888889,29.252,31.268,2.016
"70","East","A",2021-08-06,9,"R",79.7,2021,"08","06",29.9059513888889,29.252,31.268,2.016
"71","East","A",2021-08-06,1,"L",95.223,2021,"08","06",29.9059513888889,29.252,31.268,2.016
"72","East","A",2021-08-06,7,"L",78.797,2021,"08","06",29.9059513888889,29.252,31.268,2.016
"73","East","A",2021-08-06,3,"L",87.412,2021,"08","06",29.9059513888889,29.252,31.268,2.016
"74","East","A",2021-08-06,10,"R",66.952,2021,"08","06",29.9059513888889,29.252,31.268,2.016
"75","East","A",2021-08-06,4,"L",83.2,2021,"08","06",29.9059513888889,29.252,31.268,2.016
"76","East","A",2021-08-06,6,"R",101.785,2021,"08","06",29.9059513888889,29.252,31.268,2.016
"77","East","A",2021-08-06,9,"L",89.361,2021,"08","06",29.9059513888889,29.252,31.268,2.016
"78","East","A",2021-08-06,8,"L",82.144,2021,"08","06",29.9059513888889,29.252,31.268,2.016
"79","East","A",2021-08-06,6,"L",78.127,2021,"08","06",29.9059513888889,29.252,31.268,2.016
"80","East","A",2021-08-06,5,"R",78.702,2021,"08","06",29.9059513888889,29.252,31.268,2.016
"81","East","A",2021-08-23,8,"R",93.392,2021,"08","23",30.2877395833333,29.252,31.983,2.731
"82","East","A",2021-08-23,7,"L",77.323,2021,"08","23",30.2877395833333,29.252,31.983,2.731
"83","East","A",2021-08-23,10,"R",65.517,2021,"08","23",30.2877395833333,29.252,31.983,2.731
"84","East","A",2021-08-23,9,"R",104.805,2021,"08","23",30.2877395833333,29.252,31.983,2.731
"85","East","A",2021-08-23,9,"L",88.489,2021,"08","23",30.2877395833333,29.252,31.983,2.731
"86","East","A",2021-08-23,8,"L",88.717,2021,"08","23",30.2877395833333,29.252,31.983,2.731
"87","East","A",2021-08-23,3,"L",76.424,2021,"08","23",30.2877395833333,29.252,31.983,2.731
"88","East","A",2021-08-23,6,"L",84.636,2021,"08","23",30.2877395833333,29.252,31.983,2.731
"89","East","A",2021-08-23,1,"R",108.56,2021,"08","23",30.2877395833333,29.252,31.983,2.731
"90","East","A",2021-08-23,5,"R",77.359,2021,"08","23",30.2877395833333,29.252,31.983,2.731
"91","East","A",2021-08-23,6,"R",58.227,2021,"08","23",30.2877395833333,29.252,31.983,2.731
"92","East","A",2021-08-23,2,"L",86.292,2021,"08","23",30.2877395833333,29.252,31.983,2.731
"93","East","A",2021-08-23,5,"L",83.805,2021,"08","23",30.2877395833333,29.252,31.983,2.731
"94","East","A",2021-08-23,2,"R",80.334,2021,"08","23",30.2877395833333,29.252,31.983,2.731
"95","East","A",2021-08-23,10,"L",65.96,2021,"08","23",30.2877395833333,29.252,31.983,2.731
"96","East","A",2021-08-23,7,"R",76.465,2021,"08","23",30.2877395833333,29.252,31.983,2.731
"97","East","A",2021-08-23,4,"R",66.584,2021,"08","23",30.2877395833333,29.252,31.983,2.731
"98","East","A",2021-08-23,4,"L",78.515,2021,"08","23",30.2877395833333,29.252,31.983,2.731
"99","East","A",2021-08-23,3,"R",79.616,2021,"08","23",30.2877395833333,29.252,31.983,2.731
"100","East","A",2021-08-23,1,"L",76.338,2021,"08","23",30.2877395833333,29.252,31.983,2.731
"101","East","A",2021-09-09,7,"R",58.562,2021,"09","09",29.97040625,28.853,31.676,2.823
"102","East","A",2021-09-09,6,"L",75.482,2021,"09","09",29.97040625,28.853,31.676,2.823
"103","East","A",2021-09-09,6,"R",84.473,2021,"09","09",29.97040625,28.853,31.676,2.823
"104","East","A",2021-09-09,10,"L",84.854,2021,"09","09",29.97040625,28.853,31.676,2.823
"105","East","A",2021-09-09,5,"L",86.417,2021,"09","09",29.97040625,28.853,31.676,2.823
"106","East","A",2021-09-09,5,"R",97.954,2021,"09","09",29.97040625,28.853,31.676,2.823
"107","East","A",2021-09-09,2,"L",81.92,2021,"09","09",29.97040625,28.853,31.676,2.823
"108","East","A",2021-09-09,4,"L",91.779,2021,"09","09",29.97040625,28.853,31.676,2.823
"109","East","A",2021-09-09,2,"R",86.429,2021,"09","09",29.97040625,28.853,31.676,2.823
"110","East","A",2021-09-09,1,"R",120.463,2021,"09","09",29.97040625,28.853,31.676,2.823
"111","East","A",2021-09-09,7,"L",95.517,2021,"09","09",29.97040625,28.853,31.676,2.823
"112","East","A",2021-09-09,3,"L",98.38,2021,"09","09",29.97040625,28.853,31.676,2.823
"113","East","A",2021-09-09,4,"R",72.914,2021,"09","09",29.97040625,28.853,31.676,2.823
"114","East","A",2021-09-09,1,"L",99.61,2021,"09","09",29.97040625,28.853,31.676,2.823
"115","East","A",2021-09-09,9,"R",86.412,2021,"09","09",29.97040625,28.853,31.676,2.823
"116","East","A",2021-09-09,10,"R",89.392,2021,"09","09",29.97040625,28.853,31.676,2.823
"117","East","A",2021-09-09,8,"R",103.4,2021,"09","09",29.97040625,28.853,31.676,2.823
"118","East","A",2021-09-09,3,"R",76.613,2021,"09","09",29.97040625,28.853,31.676,2.823
"119","East","A",2021-09-09,8,"L",98.87,2021,"09","09",29.97040625,28.853,31.676,2.823
"120","East","A",2021-09-09,9,"L",73.328,2021,"09","09",29.97040625,28.853,31.676,2.823
"121","East","A",2021-09-30,10,"L",49.092,2021,"09","30",29.844375,29.652,30.255,0.602999999999998
"122","East","A",2021-09-30,8,"R",96.514,2021,"09","30",29.844375,29.652,30.255,0.602999999999998
"123","East","A",2021-09-30,3,"R",78.765,2021,"09","30",29.844375,29.652,30.255,0.602999999999998
"124","East","A",2021-09-30,5,"R",80.865,2021,"09","30",29.844375,29.652,30.255,0.602999999999998
"125","East","A",2021-09-30,9,"L",58.75,2021,"09","30",29.844375,29.652,30.255,0.602999999999998
"126","East","A",2021-09-30,8,"L",122.573,2021,"09","30",29.844375,29.652,30.255,0.602999999999998
"127","East","A",2021-09-30,1,"L",NA,2021,"09","30",29.844375,29.652,30.255,0.602999999999998
"128","East","A",2021-09-30,9,"R",97.057,2021,"09","30",29.844375,29.652,30.255,0.602999999999998
"129","East","A",2021-09-30,1,"R",NA,2021,"09","30",29.844375,29.652,30.255,0.602999999999998
"130","East","A",2021-09-30,10,"R",85.867,2021,"09","30",29.844375,29.652,30.255,0.602999999999998
"131","East","A",2021-09-30,3,"L",91.64,2021,"09","30",29.844375,29.652,30.255,0.602999999999998
"132","East","A",2021-09-30,4,"L",105.962,2021,"09","30",29.844375,29.652,30.255,0.602999999999998
"133","East","A",2021-09-30,2,"L",68.225,2021,"09","30",29.844375,29.652,30.255,0.602999999999998
"134","East","A",2021-09-30,5,"L",75.547,2021,"09","30",29.844375,29.652,30.255,0.602999999999998
"135","East","A",2021-09-30,7,"L",85.925,2021,"09","30",29.844375,29.652,30.255,0.602999999999998
"136","East","A",2021-09-30,6,"R",115.017,2021,"09","30",29.844375,29.652,30.255,0.602999999999998
"137","East","A",2021-09-30,4,"R",111.292,2021,"09","30",29.844375,29.652,30.255,0.602999999999998
"138","East","A",2021-09-30,7,"R",77.274,2021,"09","30",29.844375,29.652,30.255,0.602999999999998
"139","East","A",2021-09-30,6,"L",98.325,2021,"09","30",29.844375,29.652,30.255,0.602999999999998
"140","East","A",2021-09-30,2,"R",107.478,2021,"09","30",29.844375,29.652,30.255,0.602999999999998
"141","East","A",2021-10-12,6,"R",117.328,2021,"10","12",29.4744965277778,28.953,30.054,1.101
"142","East","A",2021-10-12,3,"L",97.606,2021,"10","12",29.4744965277778,28.953,30.054,1.101
"143","East","A",2021-10-12,9,"L",77.092,2021,"10","12",29.4744965277778,28.953,30.054,1.101
"144","East","A",2021-10-12,5,"R",71.373,2021,"10","12",29.4744965277778,28.953,30.054,1.101
"145","East","A",2021-10-12,6,"L",74.227,2021,"10","12",29.4744965277778,28.953,30.054,1.101
"146","East","A",2021-10-12,10,"L",50.949,2021,"10","12",29.4744965277778,28.953,30.054,1.101
"147","East","A",2021-10-12,5,"L",51.615,2021,"10","12",29.4744965277778,28.953,30.054,1.101
"148","East","A",2021-10-12,8,"R",147.385,2021,"10","12",29.4744965277778,28.953,30.054,1.101
"149","East","A",2021-10-12,2,"R",82.903,2021,"10","12",29.4744965277778,28.953,30.054,1.101
"150","East","A",2021-10-12,9,"R",82.234,2021,"10","12",29.4744965277778,28.953,30.054,1.101
"151","East","A",2021-10-12,8,"L",168.815,2021,"10","12",29.4744965277778,28.953,30.054,1.101
"152","East","A",2021-10-12,7,"R",54.026,2021,"10","12",29.4744965277778,28.953,30.054,1.101
"153","East","A",2021-10-12,1,"R",121.142,2021,"10","12",29.4744965277778,28.953,30.054,1.101
"154","East","A",2021-10-12,2,"L",87.779,2021,"10","12",29.4744965277778,28.953,30.054,1.101
"155","East","A",2021-10-12,4,"L",91.034,2021,"10","12",29.4744965277778,28.953,30.054,1.101
"156","East","A",2021-10-12,1,"L",101.211,2021,"10","12",29.4744965277778,28.953,30.054,1.101
"157","East","A",2021-10-12,3,"R",97.924,2021,"10","12",29.4744965277778,28.953,30.054,1.101
"158","East","A",2021-10-12,4,"R",64.815,2021,"10","12",29.4744965277778,28.953,30.054,1.101
"159","East","A",2021-10-12,10,"R",76.988,2021,"10","12",29.4744965277778,28.953,30.054,1.101
"160","East","A",2021-10-12,7,"L",76.103,2021,"10","12",29.4744965277778,28.953,30.054,1.101
"161","East","A",2022-03-11,6,"L",211.39,2022,"03","11",28.3447708333333,28.06,28.754,0.694000000000003
"162","East","A",2022-03-11,2,"L",81.77,2022,"03","11",28.3447708333333,28.06,28.754,0.694000000000003
"163","East","A",2022-03-11,1,"R",NA,2022,"03","11",28.3447708333333,28.06,28.754,0.694000000000003
"164","East","A",2022-03-11,7,"L",129.64,2022,"03","11",28.3447708333333,28.06,28.754,0.694000000000003
"165","East","A",2022-03-11,8,"L",181.91,2022,"03","11",28.3447708333333,28.06,28.754,0.694000000000003
"166","East","A",2022-03-11,1,"L",NA,2022,"03","11",28.3447708333333,28.06,28.754,0.694000000000003
"167","East","A",2022-03-11,5,"L",89.11,2022,"03","11",28.3447708333333,28.06,28.754,0.694000000000003
"168","East","A",2022-03-11,4,"L",231.18,2022,"03","11",28.3447708333333,28.06,28.754,0.694000000000003
"169","East","A",2022-03-11,8,"R",188.68,2022,"03","11",28.3447708333333,28.06,28.754,0.694000000000003
"170","East","A",2022-03-11,3,"L",97.01,2022,"03","11",28.3447708333333,28.06,28.754,0.694000000000003
"171","East","A",2022-03-11,9,"R",117.16,2022,"03","11",28.3447708333333,28.06,28.754,0.694000000000003
"172","East","A",2022-03-11,3,"R",157.49,2022,"03","11",28.3447708333333,28.06,28.754,0.694000000000003
"173","East","A",2022-03-11,2,"R",129.32,2022,"03","11",28.3447708333333,28.06,28.754,0.694000000000003
"174","East","A",2022-03-11,10,"L",145.35,2022,"03","11",28.3447708333333,28.06,28.754,0.694000000000003
"175","East","A",2022-03-11,5,"R",71.42,2022,"03","11",28.3447708333333,28.06,28.754,0.694000000000003
"176","East","A",2022-03-11,6,"R",115.53,2022,"03","11",28.3447708333333,28.06,28.754,0.694000000000003
"177","East","A",2022-05-27,1,"L",171.89,2022,"05","27",29.34475,28.754,30.457,1.703
"178","East","A",2022-05-27,7,"L",143.45,2022,"05","27",29.34475,28.754,30.457,1.703
"179","East","A",2022-05-27,10,"R",163.41,2022,"05","27",29.34475,28.754,30.457,1.703
"180","East","A",2022-05-27,10,"L",145.67,2022,"05","27",29.34475,28.754,30.457,1.703
"181","East","A",2022-05-27,9,"R",136.5,2022,"05","27",29.34475,28.754,30.457,1.703
"182","East","A",2022-05-27,2,"L",72.89,2022,"05","27",29.34475,28.754,30.457,1.703
"183","East","A",2022-05-27,6,"L",129.02,2022,"05","27",29.34475,28.754,30.457,1.703
"184","East","A",2022-05-27,9,"L",89.78,2022,"05","27",29.34475,28.754,30.457,1.703
"185","East","A",2022-05-27,4,"L",74.22,2022,"05","27",29.34475,28.754,30.457,1.703
"186","East","A",2022-05-27,4,"R",121.11,2022,"05","27",29.34475,28.754,30.457,1.703
"187","East","A",2022-05-27,8,"L",189.76,2022,"05","27",29.34475,28.754,30.457,1.703
"188","East","A",2022-05-27,1,"R",99.63,2022,"05","27",29.34475,28.754,30.457,1.703
"189","East","A",2022-05-27,6,"R",173.3,2022,"05","27",29.34475,28.754,30.457,1.703
"190","East","A",2022-05-27,3,"L",106.08,2022,"05","27",29.34475,28.754,30.457,1.703
"191","East","A",2022-05-27,5,"R",149.28,2022,"05","27",29.34475,28.754,30.457,1.703
"192","East","A",2022-05-27,3,"R",85.04,2022,"05","27",29.34475,28.754,30.457,1.703
"193","East","A",2022-05-27,8,"R",192.58,2022,"05","27",29.34475,28.754,30.457,1.703
"194","East","A",2022-05-27,2,"R",152.85,2022,"05","27",29.34475,28.754,30.457,1.703
"195","East","A",2022-05-27,7,"R",37.52,2022,"05","27",29.34475,28.754,30.457,1.703
"196","East","A",2022-05-27,5,"L",144.25,2022,"05","27",29.34475,28.754,30.457,1.703
"197","East","A",2022-08-22,9,"L",37.51,2022,"08","22",29.8127708333333,29.053,30.558,1.505
"198","East","A",2022-08-22,10,"L",64.54,2022,"08","22",29.8127708333333,29.053,30.558,1.505
"199","East","A",2022-08-22,10,"R",50.71,2022,"08","22",29.8127708333333,29.053,30.558,1.505
"200","East","A",2022-08-22,7,"L",68.78,2022,"08","22",29.8127708333333,29.053,30.558,1.505
"201","East","A",2022-08-22,2,"R",82.24,2022,"08","22",29.8127708333333,29.053,30.558,1.505
"202","East","A",2022-08-22,1,"L",111.91,2022,"08","22",29.8127708333333,29.053,30.558,1.505
"203","East","A",2022-08-22,4,"R",46.01,2022,"08","22",29.8127708333333,29.053,30.558,1.505
"204","East","A",2022-08-22,1,"R",78.3,2022,"08","22",29.8127708333333,29.053,30.558,1.505
"205","East","A",2022-08-22,9,"R",80.99,2022,"08","22",29.8127708333333,29.053,30.558,1.505
"206","East","A",2022-08-22,3,"R",108.9,2022,"08","22",29.8127708333333,29.053,30.558,1.505
"207","East","A",2022-08-22,8,"R",90.59,2022,"08","22",29.8127708333333,29.053,30.558,1.505
"208","East","A",2022-08-22,8,"L",88.59,2022,"08","22",29.8127708333333,29.053,30.558,1.505
"209","East","A",2022-08-22,5,"L",101.53,2022,"08","22",29.8127708333333,29.053,30.558,1.505
"210","East","A",2022-08-22,5,"R",116.25,2022,"08","22",29.8127708333333,29.053,30.558,1.505
"211","East","A",2022-08-22,7,"R",92.27,2022,"08","22",29.8127708333333,29.053,30.558,1.505
"212","East","A",2022-08-22,2,"L",104.98,2022,"08","22",29.8127708333333,29.053,30.558,1.505
"213","East","A",2022-08-22,6,"L",113.86,2022,"08","22",29.8127708333333,29.053,30.558,1.505
"214","East","A",2022-08-22,4,"L",93.5,2022,"08","22",29.8127708333333,29.053,30.558,1.505
"215","East","A",2022-08-22,3,"L",104.78,2022,"08","22",29.8127708333333,29.053,30.558,1.505
"216","East","A",2022-08-22,6,"R",104.72,2022,"08","22",29.8127708333333,29.053,30.558,1.505
"217","East","B",2021-06-16,3,"L",82.12,2021,"06","16",30.6044340277778,29.152,32.086,2.934
"218","East","B",2021-06-16,10,"R",101.989,2021,"06","16",30.6044340277778,29.152,32.086,2.934
"219","East","B",2021-06-16,8,"L",100.171,2021,"06","16",30.6044340277778,29.152,32.086,2.934
"220","East","B",2021-06-16,5,"R",86.48,2021,"06","16",30.6044340277778,29.152,32.086,2.934
"221","East","B",2021-06-16,9,"R",113.641,2021,"06","16",30.6044340277778,29.152,32.086,2.934
"222","East","B",2021-06-16,4,"R",101.162,2021,"06","16",30.6044340277778,29.152,32.086,2.934
"223","East","B",2021-06-16,1,"L",80.91,2021,"06","16",30.6044340277778,29.152,32.086,2.934
"224","East","B",2021-06-16,1,"R",98.051,2021,"06","16",30.6044340277778,29.152,32.086,2.934
"225","East","B",2021-06-16,6,"L",103.816,2021,"06","16",30.6044340277778,29.152,32.086,2.934
"226","East","B",2021-06-16,6,"R",97.317,2021,"06","16",30.6044340277778,29.152,32.086,2.934
"227","East","B",2021-06-16,9,"L",122.991,2021,"06","16",30.6044340277778,29.152,32.086,2.934
"228","East","B",2021-06-16,3,"R",83.967,2021,"06","16",30.6044340277778,29.152,32.086,2.934
"229","East","B",2021-06-16,5,"L",61.928,2021,"06","16",30.6044340277778,29.152,32.086,2.934
"230","East","B",2021-06-16,10,"L",105.237,2021,"06","16",30.6044340277778,29.152,32.086,2.934
"231","East","B",2021-06-16,2,"L",91.299,2021,"06","16",30.6044340277778,29.152,32.086,2.934
"232","East","B",2021-06-16,2,"R",104.92,2021,"06","16",30.6044340277778,29.152,32.086,2.934
"233","East","B",2021-06-16,4,"L",67.025,2021,"06","16",30.6044340277778,29.152,32.086,2.934
"234","East","B",2021-06-16,7,"L",107.368,2021,"06","16",30.6044340277778,29.152,32.086,2.934
"235","East","B",2021-06-16,8,"R",88.478,2021,"06","16",30.6044340277778,29.152,32.086,2.934
"236","East","B",2021-06-16,7,"R",123.545,2021,"06","16",30.6044340277778,29.152,32.086,2.934
"237","East","B",2021-07-06,1,"R",74.531,2021,"07","06",30.1639459459459,29.352,31.983,2.631
"238","East","B",2021-07-06,5,"L",40.566,2021,"07","06",30.1639459459459,29.352,31.983,2.631
"239","East","B",2021-07-06,9,"L",89.184,2021,"07","06",30.1639459459459,29.352,31.983,2.631
"240","East","B",2021-07-06,7,"R",70.838,2021,"07","06",30.1639459459459,29.352,31.983,2.631
"241","East","B",2021-07-06,6,"L",81.166,2021,"07","06",30.1639459459459,29.352,31.983,2.631
"242","East","B",2021-07-06,9,"R",81.043,2021,"07","06",30.1639459459459,29.352,31.983,2.631
"243","East","B",2021-07-06,4,"R",105.493,2021,"07","06",30.1639459459459,29.352,31.983,2.631
"244","East","B",2021-07-06,8,"R",92.518,2021,"07","06",30.1639459459459,29.352,31.983,2.631
"245","East","B",2021-07-06,6,"R",80.964,2021,"07","06",30.1639459459459,29.352,31.983,2.631
"246","East","B",2021-07-06,1,"L",65.629,2021,"07","06",30.1639459459459,29.352,31.983,2.631
"247","East","B",2021-07-06,3,"R",99.951,2021,"07","06",30.1639459459459,29.352,31.983,2.631
"248","East","B",2021-07-06,2,"L",87.49,2021,"07","06",30.1639459459459,29.352,31.983,2.631
"249","East","B",2021-07-06,2,"R",134.979,2021,"07","06",30.1639459459459,29.352,31.983,2.631
"250","East","B",2021-07-06,4,"L",64.004,2021,"07","06",30.1639459459459,29.352,31.983,2.631
"251","East","B",2021-07-06,10,"R",93.379,2021,"07","06",30.1639459459459,29.352,31.983,2.631
"252","East","B",2021-07-06,3,"L",81.714,2021,"07","06",30.1639459459459,29.352,31.983,2.631
"253","East","B",2021-07-06,8,"L",57.815,2021,"07","06",30.1639459459459,29.352,31.983,2.631
"254","East","B",2021-07-06,10,"L",109.444,2021,"07","06",30.1639459459459,29.352,31.983,2.631
"255","East","B",2021-07-06,5,"R",63.257,2021,"07","06",30.1639459459459,29.352,31.983,2.631
"256","East","B",2021-07-06,7,"L",98.079,2021,"07","06",30.1639459459459,29.352,31.983,2.631
"257","East","B",2021-08-06,7,"L",82.343,2021,"08","06",30.1896333333333,29.352,31.37,2.018
"258","East","B",2021-08-06,2,"R",93.586,2021,"08","06",30.1896333333333,29.352,31.37,2.018
"259","East","B",2021-08-06,4,"L",77.763,2021,"08","06",30.1896333333333,29.352,31.37,2.018
"260","East","B",2021-08-06,9,"L",106.178,2021,"08","06",30.1896333333333,29.352,31.37,2.018
"261","East","B",2021-08-06,9,"R",80.061,2021,"08","06",30.1896333333333,29.352,31.37,2.018
"262","East","B",2021-08-06,10,"R",80.893,2021,"08","06",30.1896333333333,29.352,31.37,2.018
"263","East","B",2021-08-06,5,"R",79.206,2021,"08","06",30.1896333333333,29.352,31.37,2.018
"264","East","B",2021-08-06,8,"L",87.699,2021,"08","06",30.1896333333333,29.352,31.37,2.018
"265","East","B",2021-08-06,7,"R",66.773,2021,"08","06",30.1896333333333,29.352,31.37,2.018
"266","East","B",2021-08-06,2,"L",86.596,2021,"08","06",30.1896333333333,29.352,31.37,2.018
"267","East","B",2021-08-06,1,"R",91.6,2021,"08","06",30.1896333333333,29.352,31.37,2.018
"268","East","B",2021-08-06,3,"R",68.627,2021,"08","06",30.1896333333333,29.352,31.37,2.018
"269","East","B",2021-08-06,4,"R",87.032,2021,"08","06",30.1896333333333,29.352,31.37,2.018
"270","East","B",2021-08-06,1,"L",67.101,2021,"08","06",30.1896333333333,29.352,31.37,2.018
"271","East","B",2021-08-06,5,"L",57.742,2021,"08","06",30.1896333333333,29.352,31.37,2.018
"272","East","B",2021-08-06,6,"L",98.129,2021,"08","06",30.1896333333333,29.352,31.37,2.018
"273","East","B",2021-08-06,3,"L",79.478,2021,"08","06",30.1896333333333,29.352,31.37,2.018
"274","East","B",2021-08-06,10,"L",78.682,2021,"08","06",30.1896333333333,29.352,31.37,2.018
"275","East","B",2021-08-06,8,"R",82.625,2021,"08","06",30.1896333333333,29.352,31.37,2.018
"276","East","B",2021-08-06,6,"R",77.612,2021,"08","06",30.1896333333333,29.352,31.37,2.018
"277","East","B",2021-08-23,10,"R",74.725,2021,"08","23",30.3316388888889,29.252,32.086,2.834
"278","East","B",2021-08-23,5,"R",59.963,2021,"08","23",30.3316388888889,29.252,32.086,2.834
"279","East","B",2021-08-23,9,"L",80.507,2021,"08","23",30.3316388888889,29.252,32.086,2.834
"280","East","B",2021-08-23,9,"R",89.289,2021,"08","23",30.3316388888889,29.252,32.086,2.834
"281","East","B",2021-08-23,5,"L",61.975,2021,"08","23",30.3316388888889,29.252,32.086,2.834
"282","East","B",2021-08-23,6,"L",79.37,2021,"08","23",30.3316388888889,29.252,32.086,2.834
"283","East","B",2021-08-23,7,"L",75.405,2021,"08","23",30.3316388888889,29.252,32.086,2.834
"284","East","B",2021-08-23,7,"R",66.817,2021,"08","23",30.3316388888889,29.252,32.086,2.834
"285","East","B",2021-08-23,10,"L",95.588,2021,"08","23",30.3316388888889,29.252,32.086,2.834
"286","East","B",2021-08-23,3,"L",82.726,2021,"08","23",30.3316388888889,29.252,32.086,2.834
"287","East","B",2021-08-23,2,"L",95.549,2021,"08","23",30.3316388888889,29.252,32.086,2.834
"288","East","B",2021-08-23,8,"L",63.322,2021,"08","23",30.3316388888889,29.252,32.086,2.834
"289","East","B",2021-08-23,2,"R",125.151,2021,"08","23",30.3316388888889,29.252,32.086,2.834
"290","East","B",2021-08-23,4,"L",65.947,2021,"08","23",30.3316388888889,29.252,32.086,2.834
"291","East","B",2021-08-23,3,"R",73.371,2021,"08","23",30.3316388888889,29.252,32.086,2.834
"292","East","B",2021-08-23,6,"R",83.597,2021,"08","23",30.3316388888889,29.252,32.086,2.834
"293","East","B",2021-08-23,1,"R",86.819,2021,"08","23",30.3316388888889,29.252,32.086,2.834
"294","East","B",2021-08-23,8,"R",79.124,2021,"08","23",30.3316388888889,29.252,32.086,2.834
"295","East","B",2021-08-23,4,"R",100.28,2021,"08","23",30.3316388888889,29.252,32.086,2.834
"296","East","B",2021-08-23,1,"L",66.293,2021,"08","23",30.3316388888889,29.252,32.086,2.834
"297","East","B",2021-09-09,5,"L",63.6,2021,"09","09",30.0660694444444,28.953,31.778,2.825
"298","East","B",2021-09-09,9,"L",81.472,2021,"09","09",30.0660694444444,28.953,31.778,2.825
"299","East","B",2021-09-09,7,"R",85.824,2021,"09","09",30.0660694444444,28.953,31.778,2.825
"300","East","B",2021-09-09,9,"R",91.271,2021,"09","09",30.0660694444444,28.953,31.778,2.825
"301","East","B",2021-09-09,7,"L",87.845,2021,"09","09",30.0660694444444,28.953,31.778,2.825
"302","East","B",2021-09-09,5,"R",104.59,2021,"09","09",30.0660694444444,28.953,31.778,2.825
"303","East","B",2021-09-09,8,"L",85.775,2021,"09","09",30.0660694444444,28.953,31.778,2.825
"304","East","B",2021-09-09,10,"L",86.761,2021,"09","09",30.0660694444444,28.953,31.778,2.825
"305","East","B",2021-09-09,10,"R",104.093,2021,"09","09",30.0660694444444,28.953,31.778,2.825
"306","East","B",2021-09-09,6,"L",99.19,2021,"09","09",30.0660694444444,28.953,31.778,2.825
"307","East","B",2021-09-09,6,"R",86.683,2021,"09","09",30.0660694444444,28.953,31.778,2.825
"308","East","B",2021-09-09,2,"L",95.168,2021,"09","09",30.0660694444444,28.953,31.778,2.825
"309","East","B",2021-09-09,3,"L",101.599,2021,"09","09",30.0660694444444,28.953,31.778,2.825
"310","East","B",2021-09-09,4,"L",71.27,2021,"09","09",30.0660694444444,28.953,31.778,2.825
"311","East","B",2021-09-09,3,"R",74.104,2021,"09","09",30.0660694444444,28.953,31.778,2.825
"312","East","B",2021-09-09,1,"L",93.106,2021,"09","09",30.0660694444444,28.953,31.778,2.825
"313","East","B",2021-09-09,8,"R",82.286,2021,"09","09",30.0660694444444,28.953,31.778,2.825
"314","East","B",2021-09-09,1,"R",91.475,2021,"09","09",30.0660694444444,28.953,31.778,2.825
"315","East","B",2021-09-09,4,"R",87.634,2021,"09","09",30.0660694444444,28.953,31.778,2.825
"316","East","B",2021-09-09,2,"R",106.64,2021,"09","09",30.0660694444444,28.953,31.778,2.825
"317","East","B",2021-09-30,5,"R",103.052,2021,"09","30",29.89675,29.652,30.356,0.704000000000001
"318","East","B",2021-09-30,7,"L",83.087,2021,"09","30",29.89675,29.652,30.356,0.704000000000001
"319","East","B",2021-09-30,10,"L",108.692,2021,"09","30",29.89675,29.652,30.356,0.704000000000001
"320","East","B",2021-09-30,3,"L",109.026,2021,"09","30",29.89675,29.652,30.356,0.704000000000001
"321","East","B",2021-09-30,8,"R",109.808,2021,"09","30",29.89675,29.652,30.356,0.704000000000001
"322","East","B",2021-09-30,7,"R",78.648,2021,"09","30",29.89675,29.652,30.356,0.704000000000001
"323","East","B",2021-09-30,5,"L",90.94,2021,"09","30",29.89675,29.652,30.356,0.704000000000001
"324","East","B",2021-09-30,4,"L",88.947,2021,"09","30",29.89675,29.652,30.356,0.704000000000001
"325","East","B",2021-09-30,9,"R",109.091,2021,"09","30",29.89675,29.652,30.356,0.704000000000001
"326","East","B",2021-09-30,8,"L",110.467,2021,"09","30",29.89675,29.652,30.356,0.704000000000001
"327","East","B",2021-09-30,9,"L",118.335,2021,"09","30",29.89675,29.652,30.356,0.704000000000001
"328","East","B",2021-09-30,1,"R",107.09,2021,"09","30",29.89675,29.652,30.356,0.704000000000001
"329","East","B",2021-09-30,6,"L",126.695,2021,"09","30",29.89675,29.652,30.356,0.704000000000001
"330","East","B",2021-09-30,3,"R",112.385,2021,"09","30",29.89675,29.652,30.356,0.704000000000001
"331","East","B",2021-09-30,10,"R",85.084,2021,"09","30",29.89675,29.652,30.356,0.704000000000001
"332","East","B",2021-09-30,2,"L",94.697,2021,"09","30",29.89675,29.652,30.356,0.704000000000001
"333","East","B",2021-09-30,2,"R",126.134,2021,"09","30",29.89675,29.652,30.356,0.704000000000001
"334","East","B",2021-09-30,4,"R",115.749,2021,"09","30",29.89675,29.652,30.356,0.704000000000001
"335","East","B",2021-09-30,1,"L",112.049,2021,"09","30",29.89675,29.652,30.356,0.704000000000001
"336","East","B",2021-09-30,6,"R",96.558,2021,"09","30",29.89675,29.652,30.356,0.704000000000001
"337","East","B",2021-10-12,10,"L",86.025,2021,"10","12",29.5023472222222,28.953,30.054,1.101
"338","East","B",2021-10-12,1,"L",88.394,2021,"10","12",29.5023472222222,28.953,30.054,1.101
"339","East","B",2021-10-12,5,"L",68.944,2021,"10","12",29.5023472222222,28.953,30.054,1.101
"340","East","B",2021-10-12,5,"R",78.513,2021,"10","12",29.5023472222222,28.953,30.054,1.101
"341","East","B",2021-10-12,8,"R",97.738,2021,"10","12",29.5023472222222,28.953,30.054,1.101
"342","East","B",2021-10-12,10,"R",81.413,2021,"10","12",29.5023472222222,28.953,30.054,1.101
"343","East","B",2021-10-12,8,"L",83.179,2021,"10","12",29.5023472222222,28.953,30.054,1.101
"344","East","B",2021-10-12,6,"L",84.854,2021,"10","12",29.5023472222222,28.953,30.054,1.101
"345","East","B",2021-10-12,6,"R",58.032,2021,"10","12",29.5023472222222,28.953,30.054,1.101
"346","East","B",2021-10-12,9,"L",88.541,2021,"10","12",29.5023472222222,28.953,30.054,1.101
"347","East","B",2021-10-12,1,"R",93.132,2021,"10","12",29.5023472222222,28.953,30.054,1.101
"348","East","B",2021-10-12,3,"L",78.249,2021,"10","12",29.5023472222222,28.953,30.054,1.101
"349","East","B",2021-10-12,3,"R",97.675,2021,"10","12",29.5023472222222,28.953,30.054,1.101
"350","East","B",2021-10-12,9,"R",96.211,2021,"10","12",29.5023472222222,28.953,30.054,1.101
"351","East","B",2021-10-12,7,"L",83.131,2021,"10","12",29.5023472222222,28.953,30.054,1.101
"352","East","B",2021-10-12,7,"R",67.477,2021,"10","12",29.5023472222222,28.953,30.054,1.101
"353","East","B",2021-10-12,4,"L",73.836,2021,"10","12",29.5023472222222,28.953,30.054,1.101
"354","East","B",2021-10-12,4,"R",93.446,2021,"10","12",29.5023472222222,28.953,30.054,1.101
"355","East","B",2021-10-12,2,"L",88.801,2021,"10","12",29.5023472222222,28.953,30.054,1.101
"356","East","B",2021-10-12,2,"R",101.134,2021,"10","12",29.5023472222222,28.953,30.054,1.101
"357","East","B",2022-03-11,6,"L",311.61,2022,"03","11",28.2735520833333,28.06,28.754,0.694000000000003
"358","East","B",2022-03-11,5,"L",164.23,2022,"03","11",28.2735520833333,28.06,28.754,0.694000000000003
"359","East","B",2022-03-11,5,"R",152.67,2022,"03","11",28.2735520833333,28.06,28.754,0.694000000000003
"360","East","B",2022-03-11,9,"R",112.39,2022,"03","11",28.2735520833333,28.06,28.754,0.694000000000003
"361","East","B",2022-03-11,3,"L",172.16,2022,"03","11",28.2735520833333,28.06,28.754,0.694000000000003
"362","East","B",2022-03-11,1,"R",122.96,2022,"03","11",28.2735520833333,28.06,28.754,0.694000000000003
"363","East","B",2022-03-11,4,"R",177.38,2022,"03","11",28.2735520833333,28.06,28.754,0.694000000000003
"364","East","B",2022-03-11,6,"R",236.36,2022,"03","11",28.2735520833333,28.06,28.754,0.694000000000003
"365","East","B",2022-03-11,9,"L",191.93,2022,"03","11",28.2735520833333,28.06,28.754,0.694000000000003
"366","East","B",2022-03-11,2,"L",215.85,2022,"03","11",28.2735520833333,28.06,28.754,0.694000000000003
"367","East","B",2022-03-11,7,"L",101.07,2022,"03","11",28.2735520833333,28.06,28.754,0.694000000000003
"368","East","B",2022-03-11,1,"L",103.73,2022,"03","11",28.2735520833333,28.06,28.754,0.694000000000003
"369","East","B",2022-03-11,7,"R",151.57,2022,"03","11",28.2735520833333,28.06,28.754,0.694000000000003
"370","East","B",2022-05-27,9,"R",100.04,2022,"05","27",29.30028125,28.655,30.457,1.802
"371","East","B",2022-05-27,3,"L",152.63,2022,"05","27",29.30028125,28.655,30.457,1.802
"372","East","B",2022-05-27,9,"L",135.17,2022,"05","27",29.30028125,28.655,30.457,1.802
"373","East","B",2022-05-27,4,"L",117.64,2022,"05","27",29.30028125,28.655,30.457,1.802
"374","East","B",2022-05-27,3,"R",44.94,2022,"05","27",29.30028125,28.655,30.457,1.802
"375","East","B",2022-05-27,5,"R",127.96,2022,"05","27",29.30028125,28.655,30.457,1.802
"376","East","B",2022-05-27,1,"L",185.13,2022,"05","27",29.30028125,28.655,30.457,1.802
"377","East","B",2022-05-27,4,"R",79.83,2022,"05","27",29.30028125,28.655,30.457,1.802
"378","East","B",2022-05-27,5,"L",175.65,2022,"05","27",29.30028125,28.655,30.457,1.802
"379","East","B",2022-05-27,6,"L",115.81,2022,"05","27",29.30028125,28.655,30.457,1.802
"380","East","B",2022-05-27,10,"R",120.64,2022,"05","27",29.30028125,28.655,30.457,1.802
"381","East","B",2022-05-27,8,"L",188.51,2022,"05","27",29.30028125,28.655,30.457,1.802
"382","East","B",2022-05-27,8,"R",141.61,2022,"05","27",29.30028125,28.655,30.457,1.802
"383","East","B",2022-05-27,10,"L",86.13,2022,"05","27",29.30028125,28.655,30.457,1.802
"384","East","B",2022-05-27,7,"L",201.1,2022,"05","27",29.30028125,28.655,30.457,1.802
"385","East","B",2022-05-27,7,"R",154.16,2022,"05","27",29.30028125,28.655,30.457,1.802
"386","East","B",2022-05-27,1,"R",196.82,2022,"05","27",29.30028125,28.655,30.457,1.802
"387","East","B",2022-05-27,6,"R",140.2,2022,"05","27",29.30028125,28.655,30.457,1.802
"388","East","B",2022-05-27,2,"L",209.98,2022,"05","27",29.30028125,28.655,30.457,1.802
"389","East","B",2022-05-27,2,"R",186.96,2022,"05","27",29.30028125,28.655,30.457,1.802
"390","East","B",2022-08-22,9,"L",118.93,2022,"08","22",29.7490520833333,28.953,30.558,1.605
"391","East","B",2022-08-22,7,"R",137.09,2022,"08","22",29.7490520833333,28.953,30.558,1.605
"392","East","B",2022-08-22,1,"R",148.83,2022,"08","22",29.7490520833333,28.953,30.558,1.605
"393","East","B",2022-08-22,9,"R",130.62,2022,"08","22",29.7490520833333,28.953,30.558,1.605
"394","East","B",2022-08-22,7,"L",128.78,2022,"08","22",29.7490520833333,28.953,30.558,1.605
"395","East","B",2022-08-22,1,"L",194.68,2022,"08","22",29.7490520833333,28.953,30.558,1.605
"396","East","B",2022-08-22,5,"R",139.92,2022,"08","22",29.7490520833333,28.953,30.558,1.605
"397","East","B",2022-08-22,3,"L",123.26,2022,"08","22",29.7490520833333,28.953,30.558,1.605
"398","East","B",2022-08-22,3,"R",107.69,2022,"08","22",29.7490520833333,28.953,30.558,1.605
"399","East","B",2022-08-22,5,"L",169.55,2022,"08","22",29.7490520833333,28.953,30.558,1.605
"400","East","B",2022-08-22,2,"R",145.58,2022,"08","22",29.7490520833333,28.953,30.558,1.605
"401","East","B",2022-08-22,4,"L",104.07,2022,"08","22",29.7490520833333,28.953,30.558,1.605
"402","East","B",2022-08-22,4,"R",117.2,2022,"08","22",29.7490520833333,28.953,30.558,1.605
"403","East","B",2022-08-22,2,"L",139.04,2022,"08","22",29.7490520833333,28.953,30.558,1.605
"404","East","B",2022-08-22,6,"L",106.55,2022,"08","22",29.7490520833333,28.953,30.558,1.605
"405","East","B",2022-08-22,6,"R",109.63,2022,"08","22",29.7490520833333,28.953,30.558,1.605
"406","East","B",2022-08-22,8,"L",147.66,2022,"08","22",29.7490520833333,28.953,30.558,1.605
"407","East","B",2022-08-22,8,"R",195.24,2022,"08","22",29.7490520833333,28.953,30.558,1.605
"408","East","B",2022-08-22,10,"L",140.01,2022,"08","22",29.7490520833333,28.953,30.558,1.605
"409","East","B",2022-08-22,10,"R",105.33,2022,"08","22",29.7490520833333,28.953,30.558,1.605
"410","West","A",2021-06-16,1,"L",87.675,2021,"06","16",30.1956909722222,29.552,31.064,1.512
"411","West","A",2021-06-16,1,"R",88.433,2021,"06","16",30.1956909722222,29.552,31.064,1.512
"412","West","A",2021-06-16,3,"R",82.188,2021,"06","16",30.1956909722222,29.552,31.064,1.512
"413","West","A",2021-06-16,5,"L",77.585,2021,"06","16",30.1956909722222,29.552,31.064,1.512
"414","West","A",2021-06-16,5,"R",82.606,2021,"06","16",30.1956909722222,29.552,31.064,1.512
"415","West","A",2021-06-16,9,"R",77.519,2021,"06","16",30.1956909722222,29.552,31.064,1.512
"416","West","A",2021-06-16,7,"L",76.007,2021,"06","16",30.1956909722222,29.552,31.064,1.512
"417","West","A",2021-06-16,7,"R",102.483,2021,"06","16",30.1956909722222,29.552,31.064,1.512
"418","West","A",2021-06-16,9,"L",84.663,2021,"06","16",30.1956909722222,29.552,31.064,1.512
"419","West","A",2021-06-16,8,"L",83.157,2021,"06","16",30.1956909722222,29.552,31.064,1.512
"420","West","A",2021-06-16,4,"R",91.51,2021,"06","16",30.1956909722222,29.552,31.064,1.512
"421","West","A",2021-06-16,10,"L",78.664,2021,"06","16",30.1956909722222,29.552,31.064,1.512
"422","West","A",2021-06-16,6,"L",77.631,2021,"06","16",30.1956909722222,29.552,31.064,1.512
"423","West","A",2021-06-16,2,"R",92.403,2021,"06","16",30.1956909722222,29.552,31.064,1.512
"424","West","A",2021-06-16,8,"R",94.692,2021,"06","16",30.1956909722222,29.552,31.064,1.512
"425","West","A",2021-06-16,6,"R",90.209,2021,"06","16",30.1956909722222,29.552,31.064,1.512
"426","West","A",2021-06-16,10,"R",75.759,2021,"06","16",30.1956909722222,29.552,31.064,1.512
"427","West","A",2021-06-16,4,"L",89.159,2021,"06","16",30.1956909722222,29.552,31.064,1.512
"428","West","A",2021-06-16,2,"L",102.412,2021,"06","16",30.1956909722222,29.552,31.064,1.512
"429","West","A",2021-06-16,3,"L",86.054,2021,"06","16",30.1956909722222,29.552,31.064,1.512
"430","West","A",2021-07-06,5,"L",59.967,2021,"07","06",29.8057937062937,29.452,31.064,1.612
"431","West","A",2021-07-06,9,"R",63.082,2021,"07","06",29.8057937062937,29.452,31.064,1.612
"432","West","A",2021-07-06,10,"L",72.464,2021,"07","06",29.8057937062937,29.452,31.064,1.612
"433","West","A",2021-07-06,10,"R",55.327,2021,"07","06",29.8057937062937,29.452,31.064,1.612
"434","West","A",2021-07-06,9,"L",57.909,2021,"07","06",29.8057937062937,29.452,31.064,1.612
"435","West","A",2021-07-06,1,"L",84.465,2021,"07","06",29.8057937062937,29.452,31.064,1.612
"436","West","A",2021-07-06,4,"R",64.305,2021,"07","06",29.8057937062937,29.452,31.064,1.612
"437","West","A",2021-07-06,3,"R",79.411,2021,"07","06",29.8057937062937,29.452,31.064,1.612
"438","West","A",2021-07-06,4,"L",103.341,2021,"07","06",29.8057937062937,29.452,31.064,1.612
"439","West","A",2021-07-06,5,"R",78.592,2021,"07","06",29.8057937062937,29.452,31.064,1.612
"440","West","A",2021-07-06,1,"R",90.424,2021,"07","06",29.8057937062937,29.452,31.064,1.612
"441","West","A",2021-07-06,7,"L",89.685,2021,"07","06",29.8057937062937,29.452,31.064,1.612
"442","West","A",2021-07-06,7,"R",90.012,2021,"07","06",29.8057937062937,29.452,31.064,1.612
"443","West","A",2021-07-06,2,"R",68.318,2021,"07","06",29.8057937062937,29.452,31.064,1.612
"444","West","A",2021-07-06,8,"L",81.943,2021,"07","06",29.8057937062937,29.452,31.064,1.612
"445","West","A",2021-07-06,8,"R",93.532,2021,"07","06",29.8057937062937,29.452,31.064,1.612
"446","West","A",2021-07-06,3,"L",77.802,2021,"07","06",29.8057937062937,29.452,31.064,1.612
"447","West","A",2021-07-06,6,"L",78.111,2021,"07","06",29.8057937062937,29.452,31.064,1.612
"448","West","A",2021-07-06,6,"R",87.901,2021,"07","06",29.8057937062937,29.452,31.064,1.612
"449","West","A",2021-07-06,2,"L",73.12,2021,"07","06",29.8057937062937,29.452,31.064,1.612
"450","West","A",2021-07-20,5,"L",85.018,2021,"07","20",29.7187083333333,29.452,30.054,0.601999999999997
"451","West","A",2021-07-20,10,"L",80.787,2021,"07","20",29.7187083333333,29.452,30.054,0.601999999999997
"452","West","A",2021-07-20,7,"R",96.436,2021,"07","20",29.7187083333333,29.452,30.054,0.601999999999997
"453","West","A",2021-07-20,9,"R",77.25,2021,"07","20",29.7187083333333,29.452,30.054,0.601999999999997
"454","West","A",2021-07-20,1,"R",86.619,2021,"07","20",29.7187083333333,29.452,30.054,0.601999999999997
"455","West","A",2021-07-20,9,"L",76.037,2021,"07","20",29.7187083333333,29.452,30.054,0.601999999999997
"456","West","A",2021-07-20,10,"R",81.924,2021,"07","20",29.7187083333333,29.452,30.054,0.601999999999997
"457","West","A",2021-07-20,3,"R",86.959,2021,"07","20",29.7187083333333,29.452,30.054,0.601999999999997
"458","West","A",2021-07-20,2,"R",85.582,2021,"07","20",29.7187083333333,29.452,30.054,0.601999999999997
"459","West","A",2021-07-20,8,"R",102.719,2021,"07","20",29.7187083333333,29.452,30.054,0.601999999999997
"460","West","A",2021-07-20,7,"L",73.656,2021,"07","20",29.7187083333333,29.452,30.054,0.601999999999997
"461","West","A",2021-07-20,2,"L",94.001,2021,"07","20",29.7187083333333,29.452,30.054,0.601999999999997
"462","West","A",2021-07-20,8,"L",76.294,2021,"07","20",29.7187083333333,29.452,30.054,0.601999999999997
"463","West","A",2021-07-20,4,"L",84.04,2021,"07","20",29.7187083333333,29.452,30.054,0.601999999999997
"464","West","A",2021-07-20,4,"R",75.617,2021,"07","20",29.7187083333333,29.452,30.054,0.601999999999997
"465","West","A",2021-07-20,1,"L",81.6,2021,"07","20",29.7187083333333,29.452,30.054,0.601999999999997
"466","West","A",2021-07-20,3,"L",81.185,2021,"07","20",29.7187083333333,29.452,30.054,0.601999999999997
"467","West","A",2021-07-20,5,"R",84.395,2021,"07","20",29.7187083333333,29.452,30.054,0.601999999999997
"468","West","A",2021-07-20,6,"R",101.802,2021,"07","20",29.7187083333333,29.452,30.054,0.601999999999997
"469","West","A",2021-07-20,6,"L",87.214,2021,"07","20",29.7187083333333,29.452,30.054,0.601999999999997
"470","West","A",2021-08-06,10,"R",69.362,2021,"08","06",29.8738373702422,29.452,31.064,1.612
"471","West","A",2021-08-06,7,"L",94.818,2021,"08","06",29.8738373702422,29.452,31.064,1.612
"472","West","A",2021-08-06,9,"L",67.882,2021,"08","06",29.8738373702422,29.452,31.064,1.612
"473","West","A",2021-08-06,10,"L",65.532,2021,"08","06",29.8738373702422,29.452,31.064,1.612
"474","West","A",2021-08-06,3,"L",51.47,2021,"08","06",29.8738373702422,29.452,31.064,1.612
"475","West","A",2021-08-06,5,"R",120.275,2021,"08","06",29.8738373702422,29.452,31.064,1.612
"476","West","A",2021-08-06,2,"L",74.989,2021,"08","06",29.8738373702422,29.452,31.064,1.612
"477","West","A",2021-08-06,5,"L",68.476,2021,"08","06",29.8738373702422,29.452,31.064,1.612
"478","West","A",2021-08-06,8,"L",57.595,2021,"08","06",29.8738373702422,29.452,31.064,1.612
"479","West","A",2021-08-06,8,"R",89.97,2021,"08","06",29.8738373702422,29.452,31.064,1.612
"480","West","A",2021-08-06,7,"R",77.94,2021,"08","06",29.8738373702422,29.452,31.064,1.612
"481","West","A",2021-08-06,9,"R",64.111,2021,"08","06",29.8738373702422,29.452,31.064,1.612
"482","West","A",2021-08-06,1,"R",85.89,2021,"08","06",29.8738373702422,29.452,31.064,1.612
"483","West","A",2021-08-06,3,"R",77.847,2021,"08","06",29.8738373702422,29.452,31.064,1.612
"484","West","A",2021-08-06,6,"R",64.749,2021,"08","06",29.8738373702422,29.452,31.064,1.612
"485","West","A",2021-08-06,1,"L",82.27,2021,"08","06",29.8738373702422,29.452,31.064,1.612
"486","West","A",2021-08-06,4,"L",89.371,2021,"08","06",29.8738373702422,29.452,31.064,1.612
"487","West","A",2021-08-06,6,"L",78.081,2021,"08","06",29.8738373702422,29.452,31.064,1.612
"488","West","A",2021-08-06,4,"R",85.201,2021,"08","06",29.8738373702422,29.452,31.064,1.612
"489","West","A",2021-08-06,2,"R",88.129,2021,"08","06",29.8738373702422,29.452,31.064,1.612
"490","West","A",2021-08-23,9,"L",58.001,2021,"08","23",30.2399618055556,29.452,32.6,3.148
"491","West","A",2021-08-23,5,"L",70.886,2021,"08","23",30.2399618055556,29.452,32.6,3.148
"492","West","A",2021-08-23,8,"L",67.333,2021,"08","23",30.2399618055556,29.452,32.6,3.148
"493","West","A",2021-08-23,5,"R",73.973,2021,"08","23",30.2399618055556,29.452,32.6,3.148
"494","West","A",2021-08-23,7,"L",79.921,2021,"08","23",30.2399618055556,29.452,32.6,3.148
"495","West","A",2021-08-23,7,"R",61.069,2021,"08","23",30.2399618055556,29.452,32.6,3.148
"496","West","A",2021-08-23,1,"R",87.928,2021,"08","23",30.2399618055556,29.452,32.6,3.148
"497","West","A",2021-08-23,6,"L",96.199,2021,"08","23",30.2399618055556,29.452,32.6,3.148
"498","West","A",2021-08-23,10,"L",50.106,2021,"08","23",30.2399618055556,29.452,32.6,3.148
"499","West","A",2021-08-23,10,"R",64.31,2021,"08","23",30.2399618055556,29.452,32.6,3.148
"500","West","A",2021-08-23,9,"R",61.849,2021,"08","23",30.2399618055556,29.452,32.6,3.148
"501","West","A",2021-08-23,1,"L",98.448,2021,"08","23",30.2399618055556,29.452,32.6,3.148
"502","West","A",2021-08-23,3,"R",67.296,2021,"08","23",30.2399618055556,29.452,32.6,3.148
"503","West","A",2021-08-23,8,"R",65.48,2021,"08","23",30.2399618055556,29.452,32.6,3.148
"504","West","A",2021-08-23,6,"R",87.236,2021,"08","23",30.2399618055556,29.452,32.6,3.148
"505","West","A",2021-08-23,4,"L",84.374,2021,"08","23",30.2399618055556,29.452,32.6,3.148
"506","West","A",2021-08-23,4,"R",73.408,2021,"08","23",30.2399618055556,29.452,32.6,3.148
"507","West","A",2021-08-23,3,"L",49.536,2021,"08","23",30.2399618055556,29.452,32.6,3.148
"508","West","A",2021-08-23,2,"L",90.905,2021,"08","23",30.2399618055556,29.452,32.6,3.148
"509","West","A",2021-08-23,2,"R",86.806,2021,"08","23",30.2399618055556,29.452,32.6,3.148
"510","West","A",2021-09-09,10,"L",47.119,2021,"09","09",29.7975798611111,29.152,31.676,2.524
"511","West","A",2021-09-09,5,"L",78.723,2021,"09","09",29.7975798611111,29.152,31.676,2.524
"512","West","A",2021-09-09,5,"R",44.13,2021,"09","09",29.7975798611111,29.152,31.676,2.524
"513","West","A",2021-09-09,7,"L",84.472,2021,"09","09",29.7975798611111,29.152,31.676,2.524
"514","West","A",2021-09-09,9,"L",56.807,2021,"09","09",29.7975798611111,29.152,31.676,2.524
"515","West","A",2021-09-09,9,"R",50.647,2021,"09","09",29.7975798611111,29.152,31.676,2.524
"516","West","A",2021-09-09,8,"L",77.202,2021,"09","09",29.7975798611111,29.152,31.676,2.524
"517","West","A",2021-09-09,8,"R",62.3,2021,"09","09",29.7975798611111,29.152,31.676,2.524
"518","West","A",2021-09-09,10,"R",50.943,2021,"09","09",29.7975798611111,29.152,31.676,2.524
"519","West","A",2021-09-09,7,"R",69.176,2021,"09","09",29.7975798611111,29.152,31.676,2.524
"520","West","A",2021-09-09,1,"R",75.259,2021,"09","09",29.7975798611111,29.152,31.676,2.524
"521","West","A",2021-09-09,3,"R",68.045,2021,"09","09",29.7975798611111,29.152,31.676,2.524
"522","West","A",2021-09-09,6,"R",60.167,2021,"09","09",29.7975798611111,29.152,31.676,2.524
"523","West","A",2021-09-09,2,"L",77.177,2021,"09","09",29.7975798611111,29.152,31.676,2.524
"524","West","A",2021-09-09,6,"L",70.812,2021,"09","09",29.7975798611111,29.152,31.676,2.524
"525","West","A",2021-09-09,3,"L",43.387,2021,"09","09",29.7975798611111,29.152,31.676,2.524
"526","West","A",2021-09-09,1,"L",86.337,2021,"09","09",29.7975798611111,29.152,31.676,2.524
"527","West","A",2021-09-09,4,"R",62.158,2021,"09","09",29.7975798611111,29.152,31.676,2.524
"528","West","A",2021-09-09,4,"L",79.876,2021,"09","09",29.7975798611111,29.152,31.676,2.524
"529","West","A",2021-09-09,2,"R",82.202,2021,"09","09",29.7975798611111,29.152,31.676,2.524
"530","West","A",2021-09-30,7,"L",127.68,2021,"09","30",29.8405916955017,29.652,30.154,0.501999999999999
"531","West","A",2021-09-30,8,"L",128.667,2021,"09","30",29.8405916955017,29.652,30.154,0.501999999999999
"532","West","A",2021-09-30,10,"L",94.591,2021,"09","30",29.8405916955017,29.652,30.154,0.501999999999999
"533","West","A",2021-09-30,1,"R",161.494,2021,"09","30",29.8405916955017,29.652,30.154,0.501999999999999
"534","West","A",2021-09-30,5,"R",44.38,2021,"09","30",29.8405916955017,29.652,30.154,0.501999999999999
"535","West","A",2021-09-30,9,"L",107.402,2021,"09","30",29.8405916955017,29.652,30.154,0.501999999999999
"536","West","A",2021-09-30,9,"R",137.85,2021,"09","30",29.8405916955017,29.652,30.154,0.501999999999999
"537","West","A",2021-09-30,8,"R",153.694,2021,"09","30",29.8405916955017,29.652,30.154,0.501999999999999
"538","West","A",2021-09-30,5,"L",155.203,2021,"09","30",29.8405916955017,29.652,30.154,0.501999999999999
"539","West","A",2021-09-30,4,"L",189.272,2021,"09","30",29.8405916955017,29.652,30.154,0.501999999999999
"540","West","A",2021-09-30,6,"L",100.089,2021,"09","30",29.8405916955017,29.652,30.154,0.501999999999999
"541","West","A",2021-09-30,3,"R",147.262,2021,"09","30",29.8405916955017,29.652,30.154,0.501999999999999
"542","West","A",2021-09-30,7,"R",130.338,2021,"09","30",29.8405916955017,29.652,30.154,0.501999999999999
"543","West","A",2021-09-30,10,"R",121.137,2021,"09","30",29.8405916955017,29.652,30.154,0.501999999999999
"544","West","A",2021-09-30,1,"L",157.587,2021,"09","30",29.8405916955017,29.652,30.154,0.501999999999999
"545","West","A",2021-09-30,4,"R",118.426,2021,"09","30",29.8405916955017,29.652,30.154,0.501999999999999
"546","West","A",2021-09-30,6,"R",107.466,2021,"09","30",29.8405916955017,29.652,30.154,0.501999999999999
"547","West","A",2021-09-30,2,"L",143.144,2021,"09","30",29.8405916955017,29.652,30.154,0.501999999999999
"548","West","A",2021-09-30,2,"R",123.889,2021,"09","30",29.8405916955017,29.652,30.154,0.501999999999999
"549","West","A",2021-09-30,3,"L",133.726,2021,"09","30",29.8405916955017,29.652,30.154,0.501999999999999
"550","West","A",2021-10-12,5,"L",126.915,2021,"10","12",29.4402395833333,29.053,29.752,0.698999999999998
"551","West","A",2021-10-12,5,"R",98.366,2021,"10","12",29.4402395833333,29.053,29.752,0.698999999999998
"552","West","A",2021-10-12,6,"R",104.598,2021,"10","12",29.4402395833333,29.053,29.752,0.698999999999998
"553","West","A",2021-10-12,10,"L",81.379,2021,"10","12",29.4402395833333,29.053,29.752,0.698999999999998
"554","West","A",2021-10-12,8,"L",80.402,2021,"10","12",29.4402395833333,29.053,29.752,0.698999999999998
"555","West","A",2021-10-12,6,"L",95.716,2021,"10","12",29.4402395833333,29.053,29.752,0.698999999999998
"556","West","A",2021-10-12,10,"R",81.069,2021,"10","12",29.4402395833333,29.053,29.752,0.698999999999998
"557","West","A",2021-10-12,9,"L",80.722,2021,"10","12",29.4402395833333,29.053,29.752,0.698999999999998
"558","West","A",2021-10-12,1,"R",147.816,2021,"10","12",29.4402395833333,29.053,29.752,0.698999999999998
"559","West","A",2021-10-12,1,"L",133.452,2021,"10","12",29.4402395833333,29.053,29.752,0.698999999999998
"560","West","A",2021-10-12,7,"R",95.305,2021,"10","12",29.4402395833333,29.053,29.752,0.698999999999998
"561","West","A",2021-10-12,3,"R",101.61,2021,"10","12",29.4402395833333,29.053,29.752,0.698999999999998
"562","West","A",2021-10-12,9,"R",81.71,2021,"10","12",29.4402395833333,29.053,29.752,0.698999999999998
"563","West","A",2021-10-12,7,"L",108.204,2021,"10","12",29.4402395833333,29.053,29.752,0.698999999999998
"564","West","A",2021-10-12,4,"R",82.173,2021,"10","12",29.4402395833333,29.053,29.752,0.698999999999998
"565","West","A",2021-10-12,3,"L",95.499,2021,"10","12",29.4402395833333,29.053,29.752,0.698999999999998
"566","West","A",2021-10-12,4,"L",88.595,2021,"10","12",29.4402395833333,29.053,29.752,0.698999999999998
"567","West","A",2021-10-12,2,"R",86.579,2021,"10","12",29.4402395833333,29.053,29.752,0.698999999999998
"568","West","A",2021-10-12,8,"R",106.132,2021,"10","12",29.4402395833333,29.053,29.752,0.698999999999998
"569","West","A",2021-10-12,2,"L",74.504,2021,"10","12",29.4402395833333,29.053,29.752,0.698999999999998
"570","West","A",2022-03-11,2,"R",200.47,2022,"03","11",28.25284375,28.06,28.456,0.396000000000001
"571","West","A",2022-03-11,3,"R",175.89,2022,"03","11",28.25284375,28.06,28.456,0.396000000000001
"572","West","A",2022-03-11,6,"L",164.77,2022,"03","11",28.25284375,28.06,28.456,0.396000000000001
"573","West","A",2022-03-11,6,"R",163.89,2022,"03","11",28.25284375,28.06,28.456,0.396000000000001
"574","West","A",2022-03-11,4,"L",196.75,2022,"03","11",28.25284375,28.06,28.456,0.396000000000001
"575","West","A",2022-03-11,5,"L",235.28,2022,"03","11",28.25284375,28.06,28.456,0.396000000000001
"576","West","A",2022-03-11,5,"R",170.42,2022,"03","11",28.25284375,28.06,28.456,0.396000000000001
"577","West","A",2022-03-11,8,"L",248.81,2022,"03","11",28.25284375,28.06,28.456,0.396000000000001
"578","West","A",2022-03-11,8,"R",210.13,2022,"03","11",28.25284375,28.06,28.456,0.396000000000001
"579","West","A",2022-05-27,3,"R",91.29,2022,"05","27",29.2368541666667,28.853,30.054,1.201
"580","West","A",2022-05-27,8,"L",109.18,2022,"05","27",29.2368541666667,28.853,30.054,1.201
"581","West","A",2022-05-27,8,"R",131.98,2022,"05","27",29.2368541666667,28.853,30.054,1.201
"582","West","A",2022-05-27,3,"L",88.81,2022,"05","27",29.2368541666667,28.853,30.054,1.201
"583","West","A",2022-05-27,9,"R",88.53,2022,"05","27",29.2368541666667,28.853,30.054,1.201
"584","West","A",2022-05-27,4,"R",104.16,2022,"05","27",29.2368541666667,28.853,30.054,1.201
"585","West","A",2022-05-27,6,"L",153.69,2022,"05","27",29.2368541666667,28.853,30.054,1.201
"586","West","A",2022-05-27,5,"L",116.91,2022,"05","27",29.2368541666667,28.853,30.054,1.201
"587","West","A",2022-05-27,1,"R",103.74,2022,"05","27",29.2368541666667,28.853,30.054,1.201
"588","West","A",2022-05-27,10,"L",136.49,2022,"05","27",29.2368541666667,28.853,30.054,1.201
"589","West","A",2022-05-27,10,"R",188.2,2022,"05","27",29.2368541666667,28.853,30.054,1.201
"590","West","A",2022-05-27,9,"L",188.56,2022,"05","27",29.2368541666667,28.853,30.054,1.201
"591","West","A",2022-05-27,5,"R",42.91,2022,"05","27",29.2368541666667,28.853,30.054,1.201
"592","West","A",2022-05-27,4,"L",182.73,2022,"05","27",29.2368541666667,28.853,30.054,1.201
"593","West","A",2022-05-27,7,"L",134.22,2022,"05","27",29.2368541666667,28.853,30.054,1.201
"594","West","A",2022-05-27,7,"R",107.92,2022,"05","27",29.2368541666667,28.853,30.054,1.201
"595","West","A",2022-05-27,2,"R",86.6,2022,"05","27",29.2368541666667,28.853,30.054,1.201
"596","West","A",2022-05-27,6,"R",151.74,2022,"05","27",29.2368541666667,28.853,30.054,1.201
"597","West","A",2022-05-27,1,"L",76.78,2022,"05","27",29.2368541666667,28.853,30.054,1.201
"598","West","A",2022-05-27,2,"L",94.3,2022,"05","27",29.2368541666667,28.853,30.054,1.201
"599","West","A",2022-08-22,4,"L",86.1,2022,"08","22",29.422125,29.053,30.356,1.303
"600","West","A",2022-08-22,8,"L",67.92,2022,"08","22",29.422125,29.053,30.356,1.303
"601","West","A",2022-08-22,2,"R",114.1,2022,"08","22",29.422125,29.053,30.356,1.303
"602","West","A",2022-08-22,1,"R",89.28,2022,"08","22",29.422125,29.053,30.356,1.303
"603","West","A",2022-08-22,5,"R",83.69,2022,"08","22",29.422125,29.053,30.356,1.303
"604","West","A",2022-08-22,8,"R",83.24,2022,"08","22",29.422125,29.053,30.356,1.303
"605","West","A",2022-08-22,1,"L",133.38,2022,"08","22",29.422125,29.053,30.356,1.303
"606","West","A",2022-08-22,9,"L",103.46,2022,"08","22",29.422125,29.053,30.356,1.303
"607","West","A",2022-08-22,9,"R",123.37,2022,"08","22",29.422125,29.053,30.356,1.303
"608","West","A",2022-08-22,4,"R",67.94,2022,"08","22",29.422125,29.053,30.356,1.303
"609","West","A",2022-08-22,7,"R",107.52,2022,"08","22",29.422125,29.053,30.356,1.303
"610","West","A",2022-08-22,3,"R",88.99,2022,"08","22",29.422125,29.053,30.356,1.303
"611","West","A",2022-08-22,6,"L",87.49,2022,"08","22",29.422125,29.053,30.356,1.303
"612","West","A",2022-08-22,6,"R",93.08,2022,"08","22",29.422125,29.053,30.356,1.303
"613","West","A",2022-08-22,3,"L",90.09,2022,"08","22",29.422125,29.053,30.356,1.303
"614","West","A",2022-08-22,10,"L",76.48,2022,"08","22",29.422125,29.053,30.356,1.303
"615","West","A",2022-08-22,5,"L",79.36,2022,"08","22",29.422125,29.053,30.356,1.303
"616","West","A",2022-08-22,7,"L",154.06,2022,"08","22",29.422125,29.053,30.356,1.303
"617","West","A",2022-08-22,2,"L",108.95,2022,"08","22",29.422125,29.053,30.356,1.303
"618","West","A",2022-08-22,10,"R",87.79,2022,"08","22",29.422125,29.053,30.356,1.303
"619","West","B",2021-06-16,1,"L",95.106,2021,"06","16",30.2445763888889,29.552,31.166,1.614
"620","West","B",2021-06-16,1,"R",74.189,2021,"06","16",30.2445763888889,29.552,31.166,1.614
"621","West","B",2021-06-16,7,"L",90.985,2021,"06","16",30.2445763888889,29.552,31.166,1.614
"622","West","B",2021-06-16,7,"R",82.777,2021,"06","16",30.2445763888889,29.552,31.166,1.614
"623","West","B",2021-06-16,9,"L",87.243,2021,"06","16",30.2445763888889,29.552,31.166,1.614
"624","West","B",2021-06-16,9,"R",85.204,2021,"06","16",30.2445763888889,29.552,31.166,1.614
"625","West","B",2021-06-16,8,"R",92.243,2021,"06","16",30.2445763888889,29.552,31.166,1.614
"626","West","B",2021-06-16,10,"L",87.595,2021,"06","16",30.2445763888889,29.552,31.166,1.614
"627","West","B",2021-06-16,2,"L",101.289,2021,"06","16",30.2445763888889,29.552,31.166,1.614
"628","West","B",2021-06-16,2,"R",54.596,2021,"06","16",30.2445763888889,29.552,31.166,1.614
"629","West","B",2021-06-16,4,"L",54.994,2021,"06","16",30.2445763888889,29.552,31.166,1.614
"630","West","B",2021-06-16,3,"L",87.505,2021,"06","16",30.2445763888889,29.552,31.166,1.614
"631","West","B",2021-06-16,10,"R",86.314,2021,"06","16",30.2445763888889,29.552,31.166,1.614
"632","West","B",2021-06-16,5,"R",81.834,2021,"06","16",30.2445763888889,29.552,31.166,1.614
"633","West","B",2021-06-16,5,"L",84.971,2021,"06","16",30.2445763888889,29.552,31.166,1.614
"634","West","B",2021-06-16,4,"R",78.367,2021,"06","16",30.2445763888889,29.552,31.166,1.614
"635","West","B",2021-06-16,3,"R",89.717,2021,"06","16",30.2445763888889,29.552,31.166,1.614
"636","West","B",2021-06-16,6,"R",96.395,2021,"06","16",30.2445763888889,29.552,31.166,1.614
"637","West","B",2021-06-16,8,"L",86.872,2021,"06","16",30.2445763888889,29.552,31.166,1.614
"638","West","B",2021-06-16,6,"L",99.222,2021,"06","16",30.2445763888889,29.552,31.166,1.614
"639","West","B",2021-07-06,9,"R",63.711,2021,"07","06",29.7971923076923,29.452,31.064,1.612
"640","West","B",2021-07-06,10,"L",74.298,2021,"07","06",29.7971923076923,29.452,31.064,1.612
"641","West","B",2021-07-06,9,"L",57.911,2021,"07","06",29.7971923076923,29.452,31.064,1.612
"642","West","B",2021-07-06,7,"R",54.47,2021,"07","06",29.7971923076923,29.452,31.064,1.612
"643","West","B",2021-07-06,5,"R",47.349,2021,"07","06",29.7971923076923,29.452,31.064,1.612
"644","West","B",2021-07-06,3,"R",95.762,2021,"07","06",29.7971923076923,29.452,31.064,1.612
"645","West","B",2021-07-06,10,"R",79.196,2021,"07","06",29.7971923076923,29.452,31.064,1.612
"646","West","B",2021-07-06,6,"R",72.271,2021,"07","06",29.7971923076923,29.452,31.064,1.612
"647","West","B",2021-07-06,8,"L",74.665,2021,"07","06",29.7971923076923,29.452,31.064,1.612
"648","West","B",2021-07-06,4,"R",68.108,2021,"07","06",29.7971923076923,29.452,31.064,1.612
"649","West","B",2021-07-06,7,"L",81.948,2021,"07","06",29.7971923076923,29.452,31.064,1.612
"650","West","B",2021-07-06,3,"L",73.71,2021,"07","06",29.7971923076923,29.452,31.064,1.612
"651","West","B",2021-07-06,5,"L",63.827,2021,"07","06",29.7971923076923,29.452,31.064,1.612
"652","West","B",2021-07-06,1,"R",78.985,2021,"07","06",29.7971923076923,29.452,31.064,1.612
"653","West","B",2021-07-06,8,"R",70.197,2021,"07","06",29.7971923076923,29.452,31.064,1.612
"654","West","B",2021-07-06,2,"R",41.39,2021,"07","06",29.7971923076923,29.452,31.064,1.612
"655","West","B",2021-07-06,6,"L",89.027,2021,"07","06",29.7971923076923,29.452,31.064,1.612
"656","West","B",2021-07-06,1,"L",74.866,2021,"07","06",29.7971923076923,29.452,31.064,1.612
"657","West","B",2021-07-06,4,"L",59.531,2021,"07","06",29.7971923076923,29.452,31.064,1.612
"658","West","B",2021-07-06,2,"L",106.835,2021,"07","06",29.7971923076923,29.452,31.064,1.612
"659","West","B",2021-07-20,9,"L",63.228,2021,"07","20",29.6919305555556,29.452,29.953,0.500999999999998
"660","West","B",2021-07-20,9,"R",69.142,2021,"07","20",29.6919305555556,29.452,29.953,0.500999999999998
"661","West","B",2021-07-20,10,"R",77.544,2021,"07","20",29.6919305555556,29.452,29.953,0.500999999999998
"662","West","B",2021-07-20,8,"L",78.467,2021,"07","20",29.6919305555556,29.452,29.953,0.500999999999998
"663","West","B",2021-07-20,3,"R",78.792,2021,"07","20",29.6919305555556,29.452,29.953,0.500999999999998
"664","West","B",2021-07-20,10,"L",67.341,2021,"07","20",29.6919305555556,29.452,29.953,0.500999999999998
"665","West","B",2021-07-20,7,"L",65.449,2021,"07","20",29.6919305555556,29.452,29.953,0.500999999999998
"666","West","B",2021-07-20,7,"R",60.859,2021,"07","20",29.6919305555556,29.452,29.953,0.500999999999998
"667","West","B",2021-07-20,4,"R",74.32,2021,"07","20",29.6919305555556,29.452,29.953,0.500999999999998
"668","West","B",2021-07-20,3,"L",70.043,2021,"07","20",29.6919305555556,29.452,29.953,0.500999999999998
"669","West","B",2021-07-20,8,"R",74.328,2021,"07","20",29.6919305555556,29.452,29.953,0.500999999999998
"670","West","B",2021-07-20,6,"R",70.119,2021,"07","20",29.6919305555556,29.452,29.953,0.500999999999998
"671","West","B",2021-07-20,5,"R",64.229,2021,"07","20",29.6919305555556,29.452,29.953,0.500999999999998
"672","West","B",2021-07-20,1,"R",95.013,2021,"07","20",29.6919305555556,29.452,29.953,0.500999999999998
"673","West","B",2021-07-20,1,"L",88.313,2021,"07","20",29.6919305555556,29.452,29.953,0.500999999999998
"674","West","B",2021-07-20,2,"R",58.892,2021,"07","20",29.6919305555556,29.452,29.953,0.500999999999998
"675","West","B",2021-07-20,4,"L",77.673,2021,"07","20",29.6919305555556,29.452,29.953,0.500999999999998
"676","West","B",2021-07-20,2,"L",109.568,2021,"07","20",29.6919305555556,29.452,29.953,0.500999999999998
"677","West","B",2021-07-20,5,"L",83.194,2021,"07","20",29.6919305555556,29.452,29.953,0.500999999999998
"678","West","B",2021-07-20,6,"L",86.989,2021,"07","20",29.6919305555556,29.452,29.953,0.500999999999998
"679","West","B",2021-08-06,5,"R",53.57,2021,"08","06",29.8445520833333,29.452,30.963,1.511
"680","West","B",2021-08-06,3,"R",75.652,2021,"08","06",29.8445520833333,29.452,30.963,1.511
"681","West","B",2021-08-06,9,"R",78.321,2021,"08","06",29.8445520833333,29.452,30.963,1.511
"682","West","B",2021-08-06,8,"L",66.328,2021,"08","06",29.8445520833333,29.452,30.963,1.511
"683","West","B",2021-08-06,4,"R",60.718,2021,"08","06",29.8445520833333,29.452,30.963,1.511
"684","West","B",2021-08-06,10,"R",70.755,2021,"08","06",29.8445520833333,29.452,30.963,1.511
"685","West","B",2021-08-06,9,"L",83.735,2021,"08","06",29.8445520833333,29.452,30.963,1.511
"686","West","B",2021-08-06,1,"R",85.055,2021,"08","06",29.8445520833333,29.452,30.963,1.511
"687","West","B",2021-08-06,3,"L",68.862,2021,"08","06",29.8445520833333,29.452,30.963,1.511
"688","West","B",2021-08-06,10,"L",63.932,2021,"08","06",29.8445520833333,29.452,30.963,1.511
"689","West","B",2021-08-06,6,"R",68.619,2021,"08","06",29.8445520833333,29.452,30.963,1.511
"690","West","B",2021-08-06,4,"L",86.116,2021,"08","06",29.8445520833333,29.452,30.963,1.511
"691","West","B",2021-08-06,1,"L",87.107,2021,"08","06",29.8445520833333,29.452,30.963,1.511
"692","West","B",2021-08-06,8,"R",68.059,2021,"08","06",29.8445520833333,29.452,30.963,1.511
"693","West","B",2021-08-06,7,"R",48.97,2021,"08","06",29.8445520833333,29.452,30.963,1.511
"694","West","B",2021-08-06,5,"L",79.183,2021,"08","06",29.8445520833333,29.452,30.963,1.511
"695","West","B",2021-08-06,6,"L",69.688,2021,"08","06",29.8445520833333,29.452,30.963,1.511
"696","West","B",2021-08-06,2,"L",105.092,2021,"08","06",29.8445520833333,29.452,30.963,1.511
"697","West","B",2021-08-06,7,"L",86.84,2021,"08","06",29.8445520833333,29.452,30.963,1.511
"698","West","B",2021-08-06,2,"R",53.042,2021,"08","06",29.8445520833333,29.452,30.963,1.511
"699","West","B",2021-08-23,9,"R",63.573,2021,"08","23",30.1896180555556,29.452,32.188,2.736
"700","West","B",2021-08-23,8,"L",58.484,2021,"08","23",30.1896180555556,29.452,32.188,2.736
"701","West","B",2021-08-23,3,"R",99.745,2021,"08","23",30.1896180555556,29.452,32.188,2.736
"702","West","B",2021-08-23,9,"L",70.253,2021,"08","23",30.1896180555556,29.452,32.188,2.736
"703","West","B",2021-08-23,5,"R",68.235,2021,"08","23",30.1896180555556,29.452,32.188,2.736
"704","West","B",2021-08-23,10,"R",54.31,2021,"08","23",30.1896180555556,29.452,32.188,2.736
"705","West","B",2021-08-23,6,"R",58.332,2021,"08","23",30.1896180555556,29.452,32.188,2.736
"706","West","B",2021-08-23,4,"L",72.476,2021,"08","23",30.1896180555556,29.452,32.188,2.736
"707","West","B",2021-08-23,10,"L",64.943,2021,"08","23",30.1896180555556,29.452,32.188,2.736
"708","West","B",2021-08-23,7,"L",62.034,2021,"08","23",30.1896180555556,29.452,32.188,2.736
"709","West","B",2021-08-23,7,"R",30.559,2021,"08","23",30.1896180555556,29.452,32.188,2.736
"710","West","B",2021-08-23,3,"L",81.634,2021,"08","23",30.1896180555556,29.452,32.188,2.736
"711","West","B",2021-08-23,4,"R",50.206,2021,"08","23",30.1896180555556,29.452,32.188,2.736
"712","West","B",2021-08-23,8,"R",78.192,2021,"08","23",30.1896180555556,29.452,32.188,2.736
"713","West","B",2021-08-23,6,"L",74.485,2021,"08","23",30.1896180555556,29.452,32.188,2.736
"714","West","B",2021-08-23,1,"R",88.71,2021,"08","23",30.1896180555556,29.452,32.188,2.736
"715","West","B",2021-08-23,1,"L",100.122,2021,"08","23",30.1896180555556,29.452,32.188,2.736
"716","West","B",2021-08-23,2,"R",50.233,2021,"08","23",30.1896180555556,29.452,32.188,2.736
"717","West","B",2021-08-23,5,"L",76.192,2021,"08","23",30.1896180555556,29.452,32.188,2.736
"718","West","B",2021-08-23,2,"L",81.882,2021,"08","23",30.1896180555556,29.452,32.188,2.736
"719","West","B",2021-09-09,5,"R",45.083,2021,"09","09",29.8009340277778,29.152,31.676,2.524
"720","West","B",2021-09-09,9,"R",73.373,2021,"09","09",29.8009340277778,29.152,31.676,2.524
"721","West","B",2021-09-09,8,"L",78.281,2021,"09","09",29.8009340277778,29.152,31.676,2.524
"722","West","B",2021-09-09,3,"R",63.103,2021,"09","09",29.8009340277778,29.152,31.676,2.524
"723","West","B",2021-09-09,9,"L",68.892,2021,"09","09",29.8009340277778,29.152,31.676,2.524
"724","West","B",2021-09-09,7,"R",28.152,2021,"09","09",29.8009340277778,29.152,31.676,2.524
"725","West","B",2021-09-09,4,"R",69.719,2021,"09","09",29.8009340277778,29.152,31.676,2.524
"726","West","B",2021-09-09,10,"L",47.214,2021,"09","09",29.8009340277778,29.152,31.676,2.524
"727","West","B",2021-09-09,8,"R",56.006,2021,"09","09",29.8009340277778,29.152,31.676,2.524
"728","West","B",2021-09-09,10,"R",53.781,2021,"09","09",29.8009340277778,29.152,31.676,2.524
"729","West","B",2021-09-09,1,"R",98.585,2021,"09","09",29.8009340277778,29.152,31.676,2.524
"730","West","B",2021-09-09,3,"L",66.625,2021,"09","09",29.8009340277778,29.152,31.676,2.524
"731","West","B",2021-09-09,2,"L",103.356,2021,"09","09",29.8009340277778,29.152,31.676,2.524
"732","West","B",2021-09-09,7,"L",55.843,2021,"09","09",29.8009340277778,29.152,31.676,2.524
"733","West","B",2021-09-09,4,"L",88.012,2021,"09","09",29.8009340277778,29.152,31.676,2.524
"734","West","B",2021-09-09,1,"L",94.329,2021,"09","09",29.8009340277778,29.152,31.676,2.524
"735","West","B",2021-09-09,2,"R",67.048,2021,"09","09",29.8009340277778,29.152,31.676,2.524
"736","West","B",2021-09-09,5,"L",77.407,2021,"09","09",29.8009340277778,29.152,31.676,2.524
"737","West","B",2021-09-09,6,"L",80.587,2021,"09","09",29.8009340277778,29.152,31.676,2.524
"738","West","B",2021-09-09,6,"R",71.483,2021,"09","09",29.8009340277778,29.152,31.676,2.524
"739","West","B",2021-09-30,9,"R",199.064,2021,"09","30",29.8220659722222,29.652,30.154,0.501999999999999
"740","West","B",2021-09-30,8,"L",66.248,2021,"09","30",29.8220659722222,29.652,30.154,0.501999999999999
"741","West","B",2021-09-30,3,"R",144.694,2021,"09","30",29.8220659722222,29.652,30.154,0.501999999999999
"742","West","B",2021-09-30,10,"R",60.544,2021,"09","30",29.8220659722222,29.652,30.154,0.501999999999999
"743","West","B",2021-09-30,9,"L",166.933,2021,"09","30",29.8220659722222,29.652,30.154,0.501999999999999
"744","West","B",2021-09-30,5,"R",137.929,2021,"09","30",29.8220659722222,29.652,30.154,0.501999999999999
"745","West","B",2021-09-30,3,"L",127.87,2021,"09","30",29.8220659722222,29.652,30.154,0.501999999999999
"746","West","B",2021-09-30,10,"L",65.92,2021,"09","30",29.8220659722222,29.652,30.154,0.501999999999999
"747","West","B",2021-09-30,6,"R",84.14,2021,"09","30",29.8220659722222,29.652,30.154,0.501999999999999
"748","West","B",2021-09-30,4,"L",151.575,2021,"09","30",29.8220659722222,29.652,30.154,0.501999999999999
"749","West","B",2021-09-30,4,"R",121.065,2021,"09","30",29.8220659722222,29.652,30.154,0.501999999999999
"750","West","B",2021-09-30,1,"L",106.24,2021,"09","30",29.8220659722222,29.652,30.154,0.501999999999999
"751","West","B",2021-09-30,7,"L",85.723,2021,"09","30",29.8220659722222,29.652,30.154,0.501999999999999
"752","West","B",2021-09-30,7,"R",60.756,2021,"09","30",29.8220659722222,29.652,30.154,0.501999999999999
"753","West","B",2021-09-30,1,"R",90.448,2021,"09","30",29.8220659722222,29.652,30.154,0.501999999999999
"754","West","B",2021-09-30,8,"R",85.627,2021,"09","30",29.8220659722222,29.652,30.154,0.501999999999999
"755","West","B",2021-09-30,6,"L",80.671,2021,"09","30",29.8220659722222,29.652,30.154,0.501999999999999
"756","West","B",2021-09-30,5,"L",125.785,2021,"09","30",29.8220659722222,29.652,30.154,0.501999999999999
"757","West","B",2021-09-30,2,"R",93.418,2021,"09","30",29.8220659722222,29.652,30.154,0.501999999999999
"758","West","B",2021-09-30,2,"L",120.432,2021,"09","30",29.8220659722222,29.652,30.154,0.501999999999999
"759","West","B",2021-10-12,9,"R",55.049,2021,"10","12",29.4225555555556,29.053,29.752,0.698999999999998
"760","West","B",2021-10-12,8,"L",92.821,2021,"10","12",29.4225555555556,29.053,29.752,0.698999999999998
"761","West","B",2021-10-12,3,"R",44.522,2021,"10","12",29.4225555555556,29.053,29.752,0.698999999999998
"762","West","B",2021-10-12,9,"L",84.538,2021,"10","12",29.4225555555556,29.053,29.752,0.698999999999998
"763","West","B",2021-10-12,5,"R",44.597,2021,"10","12",29.4225555555556,29.053,29.752,0.698999999999998
"764","West","B",2021-10-12,3,"L",67.452,2021,"10","12",29.4225555555556,29.053,29.752,0.698999999999998
"765","West","B",2021-10-12,10,"L",40.105,2021,"10","12",29.4225555555556,29.053,29.752,0.698999999999998
"766","West","B",2021-10-12,10,"R",51.861,2021,"10","12",29.4225555555556,29.053,29.752,0.698999999999998
"767","West","B",2021-10-12,4,"L",81.886,2021,"10","12",29.4225555555556,29.053,29.752,0.698999999999998
"768","West","B",2021-10-12,4,"R",84.209,2021,"10","12",29.4225555555556,29.053,29.752,0.698999999999998
"769","West","B",2021-10-12,1,"L",90.201,2021,"10","12",29.4225555555556,29.053,29.752,0.698999999999998
"770","West","B",2021-10-12,8,"R",76.676,2021,"10","12",29.4225555555556,29.053,29.752,0.698999999999998
"771","West","B",2021-10-12,7,"R",86.934,2021,"10","12",29.4225555555556,29.053,29.752,0.698999999999998
"772","West","B",2021-10-12,1,"R",84.689,2021,"10","12",29.4225555555556,29.053,29.752,0.698999999999998
"773","West","B",2021-10-12,2,"L",100.728,2021,"10","12",29.4225555555556,29.053,29.752,0.698999999999998
"774","West","B",2021-10-12,6,"R",71.08,2021,"10","12",29.4225555555556,29.053,29.752,0.698999999999998
"775","West","B",2021-10-12,5,"L",70.706,2021,"10","12",29.4225555555556,29.053,29.752,0.698999999999998
"776","West","B",2021-10-12,7,"L",80.119,2021,"10","12",29.4225555555556,29.053,29.752,0.698999999999998
"777","West","B",2021-10-12,6,"L",84.204,2021,"10","12",29.4225555555556,29.053,29.752,0.698999999999998
"778","West","B",2021-10-12,2,"R",85.674,2021,"10","12",29.4225555555556,29.053,29.752,0.698999999999998
"779","West","B",2022-03-11,5,"R",174.99,2022,"03","11",28.2518125,28.06,28.456,0.396000000000001
"780","West","B",2022-03-11,1,"L",177.08,2022,"03","11",28.2518125,28.06,28.456,0.396000000000001
"781","West","B",2022-03-11,4,"R",216.23,2022,"03","11",28.2518125,28.06,28.456,0.396000000000001
"782","West","B",2022-03-11,8,"R",136.53,2022,"03","11",28.2518125,28.06,28.456,0.396000000000001
"783","West","B",2022-03-11,8,"L",113.41,2022,"03","11",28.2518125,28.06,28.456,0.396000000000001
"784","West","B",2022-05-27,5,"R",74.99,2022,"05","27",29.2316458333333,28.853,29.953,1.1
"785","West","B",2022-05-27,10,"R",129.83,2022,"05","27",29.2316458333333,28.853,29.953,1.1
"786","West","B",2022-05-27,7,"R",121.47,2022,"05","27",29.2316458333333,28.853,29.953,1.1
"787","West","B",2022-05-27,5,"L",108.25,2022,"05","27",29.2316458333333,28.853,29.953,1.1
"788","West","B",2022-05-27,7,"L",187.66,2022,"05","27",29.2316458333333,28.853,29.953,1.1
"789","West","B",2022-05-27,9,"L",111.32,2022,"05","27",29.2316458333333,28.853,29.953,1.1
"790","West","B",2022-05-27,9,"R",94.63,2022,"05","27",29.2316458333333,28.853,29.953,1.1
"791","West","B",2022-05-27,6,"R",86.37,2022,"05","27",29.2316458333333,28.853,29.953,1.1
"792","West","B",2022-05-27,4,"R",107.86,2022,"05","27",29.2316458333333,28.853,29.953,1.1
"793","West","B",2022-05-27,3,"R",94.27,2022,"05","27",29.2316458333333,28.853,29.953,1.1
"794","West","B",2022-05-27,10,"L",79.5,2022,"05","27",29.2316458333333,28.853,29.953,1.1
"795","West","B",2022-05-27,1,"R",68.79,2022,"05","27",29.2316458333333,28.853,29.953,1.1
"796","West","B",2022-05-27,1,"L",98.9,2022,"05","27",29.2316458333333,28.853,29.953,1.1
"797","West","B",2022-05-27,8,"R",115.81,2022,"05","27",29.2316458333333,28.853,29.953,1.1
"798","West","B",2022-05-27,8,"L",96.05,2022,"05","27",29.2316458333333,28.853,29.953,1.1
"799","West","B",2022-05-27,6,"L",231.48,2022,"05","27",29.2316458333333,28.853,29.953,1.1
"800","West","B",2022-05-27,2,"R",226.05,2022,"05","27",29.2316458333333,28.853,29.953,1.1
"801","West","B",2022-05-27,3,"L",89.69,2022,"05","27",29.2316458333333,28.853,29.953,1.1
"802","West","B",2022-05-27,4,"L",228.01,2022,"05","27",29.2316458333333,28.853,29.953,1.1
"803","West","B",2022-05-27,2,"L",170.47,2022,"05","27",29.2316458333333,28.853,29.953,1.1
"804","West","B",2022-08-22,5,"L",98.94,2022,"08","22",29.4200520833333,29.053,30.356,1.303
"805","West","B",2022-08-22,7,"L",168.58,2022,"08","22",29.4200520833333,29.053,30.356,1.303
"806","West","B",2022-08-22,5,"R",112.78,2022,"08","22",29.4200520833333,29.053,30.356,1.303
"807","West","B",2022-08-22,2,"R",120.67,2022,"08","22",29.4200520833333,29.053,30.356,1.303
"808","West","B",2022-08-22,6,"R",188.85,2022,"08","22",29.4200520833333,29.053,30.356,1.303
"809","West","B",2022-08-22,8,"L",78.05,2022,"08","22",29.4200520833333,29.053,30.356,1.303
"810","West","B",2022-08-22,1,"R",85.5,2022,"08","22",29.4200520833333,29.053,30.356,1.303
"811","West","B",2022-08-22,1,"L",142.6,2022,"08","22",29.4200520833333,29.053,30.356,1.303
"812","West","B",2022-08-22,3,"L",159.97,2022,"08","22",29.4200520833333,29.053,30.356,1.303
"813","West","B",2022-08-22,8,"R",75.35,2022,"08","22",29.4200520833333,29.053,30.356,1.303
"814","West","B",2022-08-22,7,"R",169.79,2022,"08","22",29.4200520833333,29.053,30.356,1.303
"815","West","B",2022-08-22,9,"L",135.75,2022,"08","22",29.4200520833333,29.053,30.356,1.303
"816","West","B",2022-08-22,9,"R",160.33,2022,"08","22",29.4200520833333,29.053,30.356,1.303
"817","West","B",2022-08-22,3,"R",148.07,2022,"08","22",29.4200520833333,29.053,30.356,1.303
"818","West","B",2022-08-22,6,"L",144.73,2022,"08","22",29.4200520833333,29.053,30.356,1.303
"819","West","B",2022-08-22,2,"L",130.39,2022,"08","22",29.4200520833333,29.053,30.356,1.303
"820","West","B",2022-08-22,4,"L",99.81,2022,"08","22",29.4200520833333,29.053,30.356,1.303
"821","West","B",2022-08-22,4,"R",96.28,2022,"08","22",29.4200520833333,29.053,30.356,1.303
"822","West","B",2022-08-22,10,"L",114.84,2022,"08","22",29.4200520833333,29.053,30.356,1.303
"823","West","B",2022-08-22,10,"R",146.19,2022,"08","22",29.4200520833333,29.053,30.356,1.303
